TURNO	Data e hora	 Cargas Programadas	Cargas Recebidos	Cargas Pendentes	Pallets Armazenados	Pallets Movimentados	Material Secundário	Pallets de ME	Qualidade	Reportar PNP	Linha 	Tempo de parada	Qtd de peças	Responsabilidade	Observações PNP	QTD. Linhas que rodaram	CCME	Buffer de Papelão	Contagem	Retrabalho	Campos Transitórios / Tarefas Pendentes	RIM	Observaçõoes Gerais
TURNO 1	22/08/2025	5	4	1	248	540	40	53	1	Sem PNP	N/A	N/A	N/A	N/A	N/A	5	05 Paletes de SA com 05 Itens 01 palete de ME com 03	05 Paletes pendente de retirada			58 Itens  $R$ 394.959,70		
TURNO 2	22/08/2025	10	10	0	223	793	25	40	3	Sem PNP	N/A	N/A	N/A	N/A	N/A	5	8	3	0	0	0	0	CCME= 5 Armazém de ME/ 3 Trans
TURNO 1	23/08/2025	5	2	3	166	340	24	60	1	Sem PNP	N/A	N/A	N/A	N/A	N/A	5	TRANS 3 e ARMAZÉM 1	N/A	N/A	N/A	R$ 858,18 tratado do 999 EST.	N/A	14 PALLETS DE DEDUTÍVEL ENVIADOS E ARMAZENADOS EM MP, AINDA CONSTA MATERIAL NO PISO DE MP PARA ARMAZENAR.
TURNO 2	23/08/2025	7	7	0	88	530	42	35	0	Sem PNP	N/A	N/A	N/A	N/A	N/A	5	0	5	0	0	0	0	1 PALLET COM DIVERGÊNCIA ENVIADO PARA GR ZONE 70700000321909
TURNO 1	24/08/2025	4	3	1	165	362	24	23	0	Sem PNP	N/A	N/A	N/A	N/A	N/A	4	4 PALLETS e 11 ITENS	3 PALLETS DE CAIXARIAS E 4 DE ME AGUARDANDO RETIRADA DO TIME DA SEPARAÇÃO HIDRO/CREMES	N/A	N/A	INVENTÁRIO FISICO DE PALLETS DO 999 EST. CONFORME ITENS NO ESTOQUE 4.900 PEÇAS DE ROTULOS RECUPERADAS, ANALISE DO KANBAM E MISTA2, RECUPERAÇÃO DE SALDOS DE SEMI ACABADO DO 999 EST. PARA ITENS SEM SALDO NO PISO, ATUAÇÃO DA CONFERENTE CALIANDRA E CRISTIANE.	N/A	COMPACTAÇÃO DE 14 PALLETS DE SLEEP SHET.  SOLICITAÇÃO PENDENTE DE 52 PALLETS DE DEDUTIVEL PAPEL.
TURNO 2	24/08/2025	4	5	0	109	620	40	35	0	Sem PNP	N/A	N/A	N/A	N/A	N/A	4	0	6	0	0	1	0	Geográfica de posições vazias na rua 16/ 33 pallets de dedutível enviados para MP/ encontramos 1 pallet divergente, pallet enviado para o campo GR-ZONE para correção. (ver email)
TURNO 1	25/08/2025	5	3	2	260	668	39	36	1	Sem PNP	N/A	N/A	N/A	N/A	N/A	5	6 PALLET - 3 TRANS E 3 GALPÃO	6 PALLETS DE CAIXARIA.	N/A	N/A	R$ 321.751,55 (KANBAM, MISTA2 E REINTEGRA TRATADOS). SEM TAREFAS PENDENTES PARA O ARMAZÉM.	N/A	POR OPORTUNIDADE REALIZAMOS O AGRUPAMENTO DE 1 PALLET DE SLEEP SHEET.
TURNO 2	25/08/2025	6	2	1	168	326	35	42	1	Sem PNP	N/A	N/A	N/A	N/A	N/A	5	6	1	0	0	05 paletes de colmeia movimentação MP  02 bobinas pendente de Recebimento movimentar físico já em GR - ESTOJOS	0	16 bandejas armazenadas e posições bloqueadas. Atendimento a 3 complementares de estojos. E1 e E5 Tratativas de material sem saldo - Sem pendências de paletes divergentes na área. 01 - paletes com avaria movimentação 160 peças  descarte ( Qualidade olhou na hora o material )  06 ordens de transformação de estojos para 22:00 hs. ( Apenas a ordem 1615661 - 1615662 foram abastecidas) Pendente de 04 ordens para abastecer. Paletes pendentes de dedutíveis movimentados para MP. CCME - 4 armazém 2 trans
TURNO 1	26/08/2025	7	4	3	259		26	37	0	Sem PNP	N/A	N/A	N/A	N/A	N/A	5	07 Paletes reintegrados: 05 SA 02 ME			Op de transformação com item 785733 lote BZ017B, ajustado.			Atuação com compactação de 20 paletes fornecedor CPACK.
TURNO 2	26/08/2025	6	2	1	247	593	32	42	0	Sem PNP	N/A	N/A	N/A	N/A	N/A	4	1	5	0	0	0	0	10 de MP - Armazenados colmeias  5 paletes de badejas armazenados e lançados na planilha ( com posições posições bloqueadas) Ordem de transformação E4 - 1615865 PARA 22:00 Já abastecida. Palete do item - 437195.00 ordem 1615589 E1 com caixas amassadas analisados e liberado pela qualidade já abastecido. Compactação SLIP SHEET  - 11 paletes
TURNO 3	26/08/2025	1	1	0	123	164	26	12	3	Sem PNP	N/A	N/A	N/A	N/A	N/A	5	0		0	0	valor:  R$ 214.119,19 34 itens	0	10 paletes de slep shett compactado
TURNO 1	27/08/2025	6	3	3	262	687	14	51	1	Sem PNP	N/A	N/A	N/A	N/A	N/A	5	02 Paletes reintegrados						17 Paletes de Sleep sheet compactados.
TURNO 2	27/08/2025	11	10	1	270	698	29	35	1	Sem PNP	N/A	N/A	N/A	N/A	N/A	4	10	Abastecido	0	0	Pallets de bisnaga em GR-ESTOJO para armazenagem.	0	N/A
TURNO 2	27/08/2025	11	10	1	270	698	29	35	1	Sem PNP	N/A	N/A	N/A	N/A	N/A	4	10	Abastecido	0	0	Pallets de bisnaga em GR-ESTOJO para armazenagem.	0	N/A
TURNO 3	27/08/2025	0	2	0	209	157	15	10	1	Sem PNP	N/A	N/A	N/A	N/A	N/A	N/S	7	0	0	0		0	32 PALETES DE BANDEJA SEPARADO NO PISO AGUARDANDO BAÚ DA COOPERCARGA.  31 DE BISNAGAS DESMOBILIZADOS PARA RUA CORRETA.
TURNO 1	28/08/2025	8	4	4	139	356	38	22	0	Sem PNP	N/A	N/A	N/A	N/A	N/A	5	05 Paletes em 13 itens.				04 Itens com range entre 0>5 / 16>30 / >30. $10.502,00		Compactação de 06 paletes de bobina.
TURNO 2	28/08/2025	10	10	0	219	782	30	28	0	Sem PNP	N/A	N/A	N/A	N/A	N/A	5	7	5	0	0	Material no piso, pendente de armazenagem.	0	Lista de bandeja disponível, para baixar. Item: 430067.00
TURNO 3	28/08/2025	0	3	0	129	229	29	11	0	Sem PNP	N/A	N/A	N/A	N/A	N/A	4	0	0	0	0	N/A	0	10 PALETES DE BANDEJAS ARMAZENADAS 03 CARRETAS ANTERCIPADAS DA JANELA DO DIA 29/08 05 PALETES DE BANDEJAS ARMAZENADAS 30 PALETES DE BANDEJAS SEPARADAS PARA EXPEDIÇÃO
TURNO 1	29/08/2025	10	7	3	180	390	23	40	0	Sem PNP	N/A	N/A	N/A	N/A	N/A	5	08 Paletes em 08 Itens				17 Itens tratados  Range: 0>5 / 06>15 / 16:30 $20.465,51		GDD sem apontamentos para Logística.
TURNO 2	29/08/2025	10	10	0	53	402	26	32	0	Sem PNP	N/A	N/A	N/A	N/A	N/A	5	9	3	0	0	Material no piso para armazenar.	0	CCME - 06 paletes no armazém 03 no trans  10 paletes de colmeias armazenados 60 paletes de bandejas carregados item 430067.00
TURNO 3	29/08/2025	0	1	0	77	149	34	18	0	Sem PNP	N/A	N/A	N/A	N/A	N/A	4	0	0	0	0	03 TAREFAS TRATADAS 0<5 NO VALOR DE R$ 16.682,74.	0	16 PALETES DE BANDEJAS ARMAZENADOS.
TURNO 1	30/08/2025	5	2	3	178	465	15	53	2	Reportar PNP	E5	Aproximadamente 1h	.	Módulo com falha, impedindo a descida de paletes solicitados no PRG02.	[E5]: Material abastecido em linha ás 13:20h	5	03 Paletes para 05 itens						Ajuste de 54 bandejas na planilha, com código e posição.
TURNO 2	30/08/2025	5	5	0	110	461	26	35	0	Reportar PNP	E01 E02	30 20	280 148	Por conta da parada do TRANS. Por conta da parada do TRANS.	N/A	4		Abastecido	0	0	Pallets de caixaria que se encontram  no piso do recebimento.	0	Geográfica de posições vazias e caixaria.
TURNO 3	30/08/2025	0	2	0	77	214	27	30	2	Sem PNP	N/A	N/A	N/A	N/A	N/A	N/S	7	0	0	0	0	0	
TURNO 1	31/08/2025	1	1	0	234	497	16	49	3	Sem PNP	N/A	N/A	N/A	N/A	N/A	3	Nenhum CCME disponibilizado pela produção	1	N/A	N/A	Material sem saldo tratado	N/A	
TURNO 2	31/08/2025	1	4	0	106	585	47	51	0	Sem PNP	N/A	N/A	N/A	N/A	N/A	3	6 pallets para o trans elevador	10 pallets aguardando retirada.	0	0	R$ 8.343,28 recuperados do campo transitório E02.	0	Solicitação de material secundário cola termo adesiva da E04 atendida. Divergência OP 1615907 E03 de 1 cx de Semi acabado corrigida.
TURNO 3	31/08/2025	0	2	0	73	263	21	43	0	Sem PNP	N/A	N/A	N/A	N/A	N/A	N/S	9	0	0	0		0	
TURNO 1	01/09/2025	4	3	1	73	263	32	48	1	Sem PNP	N/A	N/A	N/A	N/A	N/A	5	13 Paletes para 28 itens reintegrados.				02 Itens para ajuste de $21.487,04		Geográfica de diversos, 46 paletes de bandejas ajustadas com código e posição.
TURNO 2	01/09/2025	4	8	0	394	728	34	28	2	Sem PNP	N/A	N/A	N/A	N/A	N/A	5	7	5	0	0	Campo transitório zerado.	0	Cancelamento da ordem - 1616081 ( Nova ordem solicitada antecipação e abastecida 1616125) CCME - 6 paletes para trans e 1 armazém
TURNO 3	01/09/2025	0	2	0	174	245	31	2	0	Sem PNP	N/A	N/A	N/A	N/A	N/A	N/S	7	0	0	0	04 ITENS TRATADOS NO CAMPO TRANSITÓRIO, VALOR R$ 28.700,34.	0	GEOGRÁFICA DOS CORREDORES 16/17/18 E 19, 06 DIVERGÊNCIAS ENCOTRADAS E AJUSTADAS.          28 PALETES DE MATERIAIS SEM SALDO ARMAZENADOS.
TURNO 1	02/09/2025	9	7	2	106	174	23	54	0	Sem PNP	N/A	N/A	N/A	N/A	N/A	5							TAD Realizado.
TURNO 2	02/09/2025	7	7	0	273	574	24	32	0	Sem PNP	N/A	N/A	N/A	N/A	N/A	5	3	2	0	0	Sem pendências.	0	Geográfica rua 18 e 19 posições posições bloqueadas gerando 8 posições.  Armazenamento de 3 paletes de bandejas. TAD - Realizado
TURNO 3	02/09/2025	1	2	0	72	130	15	26	0	Sem PNP	N/A	N/A	N/A	N/A	N/A	N/S	2		0	0	0	0	07 paletes de bandeja armazenados e bloqueados na planilha. 04 paletes compactados.
TURNO 1	03/09/2025	5	4	1	112	332	57	15	0	Sem PNP	N/A	N/A	N/A	N/A	N/A	5	14 paletes para 24 itens reintegrados.				06 Itens retirados do 999 Est com redução de $2.979,43		
TURNO 2	03/09/2025	9	9	0	293	724	26	13	0	Sem PNP	N/A	N/A	N/A	N/A	N/A	5	2	0	0	0	0	0	Material BSP aguardando TD. Material de Recebimento aguardando filmar.  Pállet no piso (Mista2) aos cuidados de Lucian. Pallet de Ribbon pendente de ajuste.
TURNO 3	03/09/2025	0	1	0	118	161	25	6	0	Sem PNP	N/A	N/A	N/A	N/A	N/A	N/S	0	0					Armazenamos 17 paletes de bandejas com posições bloqueadas e lançadas na planilha
TURNO 1	04/09/2025	6	4	2	269	361	25	53	0	Sem PNP	N/A	N/A	N/A	N/A	N/A	5	04 Paletes para 9 itens reintegrados.				07  para $59.310,00		20 Paletes de bandejas filmados e armazenados.
TURNO 2	04/09/2025	8	8	0	282	510	22	26	3	Sem PNP	N/A	N/A	N/A	N/A	N/A	5	5	4	0	0	Material no piso em processo de recebimento para armazenar.	0	Material secundários atendidos linha E4 Antecipação E4 atendido  CCME - 03 trans e 02 armazém
TURNO 3	04/09/2025	0	2	0	203	269	18	7	4	Sem PNP	N/A	N/A	N/A	N/A	N/A	4	0	0	0	0	TRATATIVA DE MATERIAIS DE ESTOJOS PARADOS NA MISTA, VALOR 41.738,20.	0	10 PALETES DE BANDEJAS ARMAZENADOS.
TURNO 1	05/09/2025	5	4	1	193	407	27	73	0	Sem PNP	N/A	N/A	N/A	N/A	N/A	5	Sem paletes disponíveis para reintegração no turno.		04 Itens para 12 posições.		10 itens para $77.579,01 Range: 0>5 e 6>15 PRD.		
TURNO 2	05/09/2025	5	5	0	227	471	20	22	0	Sem PNP	N/A	N/A	N/A	N/A	N/A	5	18	1	0	0	Material em Gr-Estojo pendente de armazenar	0	Paletes de bandejas baixados código 430067.00 Geográficas de caixarias realizadas e posições identificadas vazias ajustadas (454495,470865,42850,42851,42852,42854,42853) Saldo de material divergente solicitado pendente de aprovação. CCME - 9 paletes para trans 9 armazém
TURNO 2	05/09/2025	5	5	0	227	471	20	22	0	Sem PNP	N/A	N/A	N/A	N/A	N/A	5	18	1	0	0	Material pendente de armazenar	0	Paletes de bandejas baixados código 430067.00 Geográficas de caixarias realizadas e posições identificadas vazias ajustadas (454495,470865,42850,42851,42852,42854,42853) Saldo de material divergente solicitado pendente de aprovação. CCME - 9 paletes para trans 9 armazém
TURNO 3	05/09/2025	0	1	0	84	131	19	0	0	Sem PNP	N/A	N/A	N/A	N/A	N/A	4	0	0	0	0	Foram tratados 06 itens, valor R$  107.668,58.	0	
TURNO 3	05/09/2025	0	1	0	84	131	19	0	0	Sem PNP	N/A	N/A	N/A	N/A	N/A	4	0	0	0	0	Foram tratados 06 itens, valor R$  107.668,58.	0	
TURNO 1	06/09/2025	6	2	4	100	191	27	22	0	Sem PNP	N/A	N/A	N/A	N/A	N/A	5		5 pallets aguardando retirada.	Solicitado recontagem para este item 422543.00, turno 1 sem HC para realização.	N/A	Solicitei ao industrial a tratativa do pallet de MA CHERIE da E5 e pedi também ajuda ao time de recebimento referente aos pallets de GR-ESTOJO que não se encontra aqui no piso. Tratativa de 4 itens sem saldo totalizando R$4347,88.	N/A	Inventário realizado do item 428778.01 conforme solicitado por e-mail, sem divergências. Ordem da E4 com item sendo retrabalhado em A4, verificar E-mail.
TURNO 2	06/09/2025	6	6	0	64	404	37	6	0	Sem PNP	N/A	N/A	N/A	N/A	N/A	5	5	0	0	0		0	CCME - 4 para armazém de estojo e 1 para o TRANS. Remessa com chamado aberto (183916025). Atuação em campo transitório.
TURNO 3	06/09/2025	0	0	0	137	106	2	9	0	Sem PNP	N/A	N/A	N/A	N/A	N/A	N/S	1 palete 3 itens	0	0	0		0	
TURNO 1	08/09/2025	6	3	3	163	357	22	44	2	Sem PNP	N/A	N/A	N/A	N/A	N/A	5	N/A	0	N/A	N/A	R$ 34.341,41 TAREFAS DE 4 ITENS 0>5 E 2 ITENS 6>30 TRATADAS	N/A	765902019, 70700000430683, 70700000502308, 70700000522508, 70700000522482, 70700000522503 DESMOBILIZAÇÃO DO TRANS PARA O ARMAZÉM PENDENTE GUARDA. 2 CARGAS DO DIA 06/09 COM CHAMADO ABERTO LIBERADAS PARA GUARDA,. 16 PALLETS SOLICITADOS E MOVIMENTADOS PARA EXPEDIÇÃO.
TURNO 2	08/09/2025	9	8	1	412	723	26	32	0	Sem PNP	N/A	N/A	N/A	N/A	N/A	5	1	3	0	0	Material da Nova Pagina pendente de armazenamento GR-ESTOJO	0	Ordem de transformação pendente de separação a ordem 1616380 ( em descida ) - 1616376 pendente 35 pcs em contagem E2 - 1616386 abastecida no final do turno material em descida  Durante o turno foram separadas 7 ordens de transformação Material secundário atendido
TURNO 3	08/09/2025	1	0	1	122	351	17	11	7	Sem PNP	N/A	N/A	N/A	N/A	N/A	5	4 paletes com 6 itens.	0	0	0	15 itens : Totalizando : 134.065,74	0	35 paletes desmobilizado do trans para o armazém 18 paletes de bandejas armazenados 30 paletes no '' PISO" - Carga São Jose