Turno	Data e hora	Pallets expedidos	Programados	Total de cargas	Em descida	Zona mista	Piso novo armazém	Fifo 1	Fifo 2	Fifo 3	Fifo 4	Fifo 5	Observação	Responsável
TURNO 1	06/08/2025	332		8	* REGISTRO * DEVOLUÇÃO * 04 PALLETS PARA INVENTÁRIO		* DEVOLUÇÃO RÓTULO - AG. COLETA * DEVOLUÇÃO MP - AG. COLETA * ADER. PARANÁ (898824739) 05.08 - PEND. TM * ADER. REGISTRO (898824692) 05.08 - PEND. TM * 04 PLTS VARGINHA - FIFO5A (AGUARDANDO RESTANTE DO MAPA)  * DEVOLUÇÃO FILME EM DESCIDA	* REGISTRO - PEND. CRIAR REMESSA * DEDUTÍVEL PAPEL E PA NÃO INFLAMÁVEL -SEPARADO * FPLOG - PEND. FATURAR	* DEVOLUÇÃO - EM DESCIDA * REGISTRO - PEND. CRIAR REMESSA	* SGC 898832842 - PEND. TM * AD. SGC 05/08 898833258 - PEND TM	* F1 - 47 PLT FIFO 4 - PEND. CRIAR REMESSA	* F1 - PEND. ESTORNO	* 04 PLTS INVENTÁRIO EM DESCIDA - ITEM 415041.00  * PEND. MAPEAR ADERÊNCIA SGC 06/08  * ATUAÇÃO EM CAMPO TRANSITÓRIO E TAREFAS  * DEVOLUÇÕES EM DESCIDA	Sandy Santos
TURNO 2	06/08/2025	641	0	19	REGISTRO 06/08 VARGINHA 06/08 AD SGC 06/08 DEVOLUÇÃO	DEVOLUÇÃO - 4 PALETES SEPARADOS E 1 PALETE PARA SEPARA DEVOLUÇÃO RÓTULO - AG. COLETA DEVOLUÇÃO MP - AG. COLETA ADER. PARANÁ (898824739) 05.08 - PEND. TM 04 PLT INVENTÁRIO - 415041.00	ZERADO	VARGINHA FINALIZADO - PENDENTE CRIAR REMESSA 04 PLTS VARGINHA - FIFO5A (AGUARDANDO RESTANTE DO MAPA) - CRIAR REMESSA DEDUTÍVEL PAPEL E PA NÃO INFLAMÁVEL -SEPARADO FPLOG - PEND. FATURAR	DEVOLUÇÃO EM SEPARAÇÃO AD SGC 06.08 EM DESCIDA	VARGINHA FINALIZADO - PENDENTE SPLIT  REGISTRO EM DESCIDA	F1 - PENDENTE CRIAR REMESSA F1 - PENDENTE CONTINUAR CARREGAMENTO  F1 - 1 FILEIRA SEPARADA NO FIFO 5  F1 - 1 FILEIRA PARA ESTORNAR	F1 - EM CARREGAMENTO F1 - 2 FILEIRAS SEPARADAS NO FIFO 5 SISTEMICO	AREA DE DIVERGENCIA TEMOS 11 PALETES DE SOBRA DE VARGINHA - PENDENTE CRIAR REMESSA PENDENTE SOLICITAR A DESCIDA DE PARANÁ 06/08 PENDENTE MAPEAR AD DO DIA 06/08 PENDENTE CRIAR LISTA DO DIA 07/08: PARANÁ, SGC, REGISTRO,	Beatriz Suzart
TURNO 3	07/08/2025	312		11	* AD. VARGINHA 06/07  * AD. REGISTRO 06/07	* DEVOLUÇÃO - 4 PALETES SEPARADOS E 1 PALETE PARA SEPARA * DEVOLUÇÃO RÓTULO - AG. COLETA * DEVOLUÇÃO MP - AG. COLETA * ADER. PARANÁ (898824739) 05.08 - PEND. TM * 03 PLT INVENTÁRIO - 415041.00 (INVENTARIADO)	* BANDEJA - PENDT ATUAÇÃO DA PIZZATTO E NOTA FISCAL	* DEDUTÍVEL PAPEL E PA NÃO INFLAMÁVEL -SEPARADO * FPLOG - PEND. FATURAR * DEVOLUÇÃO - LIBERADA PELA QUALIDADE  *AD. PARANÁ 06/08 - PENDENTE SEPARAR  * SOBRA PARANÁ 06/08 - SEPARADA (SIST: FIFO1A) - PENDET CRIAR REMESSA	* AD SGC 06/08 - PENDT SPLIT  *AD. PARANÁ 06/08 - PENDENTE SEPARAR	* AD REGISTRO 06/08 (898824692, 898849379, 898849948) - PENDT TM  * VARGINHA (898849881) - PENDENT CARREGAR	* F1 - CARGA FATURADA AGUARDANDO BAÚ -  (898849599)  * F1 - CARGA FATURADA AGUARDANDO BAÚ -  (898849578)	* F1 - CARGA AGUARDANDO DESBLOQUEIO DA QUALIDADE  * F1 - PENDET. ESTORNO	* PENDENTE CRIAR LISTA DO DIA 07/08: SGC E REGISTRO * PENDENTE SOLICITAR PARANÁ E VARGINHA 07/08	Nicolly Araujo
TURNO 1	07/08/2025	419		10	VARGINHA	SJP MP REMESSA 898841384 ESTJ - PEND. ESTORNO PLT DIVERGENTES DEVOLUÇÃO RÓTULO - AG. COLETA DEVOLUÇÃO MP - AG. COLETA		* DEDUTÍVEL PAPEL -SEPARADO * FPLOG - PEND. SEPARAR BUFFER * DEVOLUÇÃO - AG. NF  * VARGINHA - EM SEPARAÇÃO	* VARGINHA AD. 06/08 - EM SEPARAÇÃO * REGISTRO AD. 06/08 - PEND. CRIAR REMESSA 15 UCS * AD REGISTRO 06/08 (898824692, 898849379, 898849948) - PENDT TM * FPLOG	* VARGINHA AD. 06/08 - EM SEPARAÇÃO	F1 LOGIC - 898857882 - FATURADA EM CARREGAMENTO (PEND. PASSAR E-MAIL) PLTS ESTORNADOS / PEND. ESTORNO	F1 - PEND. CRIAR REMESSA	LISTA MAPA 07/08 - CRIADA  CARREGAMENTO DEDUTÍVEL - PA NÃO INFLAMÁVEL  01 NF COM ERRO - TU NÃO INTEGRA NO EWM 4000220738 -  SOLICITADO - ENVIAR NA PRÓXIMA CARGA LOGIC	Sandy Santos
TURNO 2	07/08/2025	790	0	22	SGC 07.08	SJP MP REMESSA 898841384 ESTJ - PEND. ESTORNO PLT DIVERGENTES DEVOLUÇÃO RÓTULO - AG. COLETA	ZERADO	DEDUTÍVEL PAPEL -SEPARADO FPLOG - PEND. SEPARAR BUFFER DEVOLUÇÃO - AG. NF VARGINHA 07/08 - EM CARREGAMENTO SGC 07/08 - EM DESCIDA / SEPARAÇÃO - ETIQUETA LARANJA	SGC 07/08 - EM CARREGAMENTO  SGC 07/08 - EM DESCIDA / SEPARAÇÃO - ETIQUETA LARANJA	SGC 07/08 - AGUARDANDO SUBIR CARGA	F1 - EM CARREGAMENTO F1 - FIFO4 - PENDENTE CRIAR REMESSA F1 - 2 FILEIRAS PENDENTE ESTORNAR	F1 - PENDENTE ESTORNAR	* PENDENTE CRIAR LISTA DO MAPA 08/08  * PENDENTE MAPEAR AD VARGINHA 07.08 * PENDENTE SOLICITAR A DESCIDA DE REGISTRO E PARANÁ 07/08 * 01 NF COM ERRO - TU NÃO INTEGRA NO EWM	Beatriz Suzart
TURNO 3	08/08/2025	280		7	* ADERÊNCIA SGC 07/08 * REGISTRO 07/08 * 03 PLTS ADERÊNCIA DE VARGINHA 06/07 * 01 PALETE ADERÊNCIA DE PARANÁ 06/07	* DEVOLUÇÃO RÓTULO - AG. COLETA * SJP MP REMESSA 898841384 * PLTS DIVERGENTES * DEVOLUÇÃO DE FILME - AG. AJUSTE DE NOTA	ZERADO	* DEDUTÍVEL PAPEL -SEPARADO * FPLOG - PEND. SEPARAR BUFFER	* REGISTRO 07/08 - EM DESCIDA E SEPARAÇÃO (12 PLTS SEPARADO NO FIFO2A)	* REGISTRO 07/08 - PENDET CRIAR REMESSA (Sist: FIFO 03)  * ADERÊNCIA DE VARGINHA 07/08 - PENDET CRIAR REMESSA (Sist FIFO 3A)	* F1 - CARGA FATURADA AGUARDANDO BAÚ (898871263) * F1 - 34 PALETES SEPARADOS NO FIFO 04	* F1 - CARGA SEPARADA - PENDT CRIAR PEDIDO/ REMESSA (Sist: FIFO5)	* PENDENTE CRIAR LISTA DO MAPA 08/08 * PENDENTE SOLICITAR A DESCIDA DE PARANÁ 07/08 * 01 NF COM ERRO - TU NÃO INTEGRA NO EWM * DEVOLUÇÃO - AG. NF (CARREGADA - DFP1B09) * F1 - 30 PALETES PARA ESTORNAR NO PISO DO RECEBIMENTO	Nicolly Araujo
TURNO 1	08/08/2025	460		10	AD. REGISTRO 07/08  EXPORTAÇÃO 06/08 FPLOG	AD. SGC 07/08 898876572 - PEND. TM  * DEVOLUÇÃO RÓTULO - AG. COLETA * SJP MP REMESSA 898841384 * PLTS DIVERGENTES * DEVOLUÇÃO DE FILME - AG. AJUSTE DE NOTA	VAZIO	FPLOG - EM DESCIDA PARANÁ 07/08 - EM SEPARAÇÃO (FIFO 3)  DEDUTÍVEL PAPEL -SEPARADO	EXPORTAÇÃO - EM DESCIDA PARANÁ - PEND. CRIAR REMESSA	* REGISTRO AD. 07/08 - EM SEPARAÇÃO  * ADERÊNCIA DE VARGINHA 07/08 - PEND TM * ADERÊNCIA DE VARGINHA 06/08 - PEND CRIAR REMESSA	F1 - 2 CARGAS PEND CRIAR REMESSA  F1 - FATURADA 898876179 - EM CARREGAMENTO	F1 - PLT PEND. ESTORNO	F1 NO RECEBIMENTO - PLT PEND. ESTORNO  LISTA REGISTRO E PARANÁ - MAPA 08/08 CRIADA PEND. MAPEAR AD. PARANÁ 07/08 EXPORTAÇÃO 06/08 - EM DESCIDA	Sandy Santos
TURNO 2	08/08/2025	724	0	23	SGC 08.08	AD. SGC 07/08 898876572 - PEND. TM SOBRA DE VARGINHA 08.08 - PEND SEPARAÇÃO DEVOLUÇÃO RÓTULO - AG. COLETA SJP MP REMESSA 898841384 PLTS DIVERGENTES DEVOLUÇÃO DE FILME - AG. AJUSTE DE NOTA	ZERADO	DEDUTÍVEL PAPEL -SEPARADO FPLOG - PEND SEPARAR  SOBRA DE REGISTRO 08/08 - PEND SPLIT 898891642	EXPORTAÇÃO - PEND FATURAR 898838417 PARANÁ - PEND TM	VARGINHA  - PEND SEPARAÇÃO AD REGISTRO 06 e 07 - PEND SEPARAÇÃO REGISTRO 08/08 - PEND SEPARAÇÃO	F1 - CARGA PRONTA - PEND REMESSA E REMONTAR F1 - 2 FILEIRAS EM EXPEDE F1 - 1 FILEIRA PEND ESTORNO	F1 - PEND ESTORNO	LISTA 08.08 CRIADA SOLICITAR A DESCIDA DE PARANÁ 08.08 MAPEAR ADERENCIA DE REGISTRO E PARANÁ 07.08 MAPEAR ADERENCIA DE REGISTRO 08.08 CRIAR LISTA 09.08	Beatriz Suzart
TURNO 3	09/08/2025	269		6	AD. PARANÁ 07/08	* AD. SGC 07/08 898876572 - PEND. TM * ADERÊNCIA  VARGINHA 07.08 - PENDT. TM (898897075) * DEVOLUÇÃO RÓTULO - AG. COLETA * SJP MP REMESSA 898841384 * PLTS DIVERGENTES * DEVOLUÇÃO DE FILME - AG. AJUSTE DE NOTA	ZERADO	* DEDUTÍVEL PAPEL -SEPARADO * FPLOG - PEND SEPARAR * ADERÊNCIA PARANÁ 07/08 - EM DESCIDA	SGC (898896814 / 898896900)  - EM CARREGAMENTO	VAZIO	* F1 - CARGA FATURADA AGUARDANDO BAÚ (898896584)  * 34 PLTS - ESTORNADOS NO EXPEDE	* F1 - CARGA AGUARDANDO DESBLOQUEIO DA QUALIDADE	* CRIAR LISTA 09.08 * MAPEAR ADERÊNCIA DE REGISTRO 07/08 * SOLICITAR A DESCIDA DE PARANÁ 08.08 * 01 NF - ERRO NA TU (CHAMADO ABERTO)  * 02 NF - ERRO NF REJEITADA (CHAMADO ABERTO)  * F1 - 03 FILEIRA NO RECEBIMENTO P/ ESTORNAR	Nicolly Araujo
TURNO 1	09/08/2025	479		8	REGISTRO	* AD. SGC 07/08 898876572 - PEND. TM * DEVOLUÇÃO RÓTULO - AG. COLETA *  PLTS DIVERGENTES * DEVOLUÇÃO DE FILME - AG. AJUSTE DE NOTA	VAZIO	* DEDUTÍVEL PAPEL -SEPARADO * FPLOG - PEND FATURAR * DEVOLUÇÃO - PEND. CONFERIR	SJP REMESSA - PEND. SPLIT SJP MP REMESSA 898841384 - PEND. SPLIT REGISTRO - EM DESCIDA	PARANÁ AD. 07/08 898898777 - PEND TM PARANÁ - PEND. CRIAR REMESSA  VARGINHA AD. 07/08 898897075 - PEND. TM VARGINHA 898900733 - PEND TM	F1 - CARGA PRONTA (PEND. TRANSFERIR PARA FIFO) F1 - PEND. ESTORNO		PEND. MAPEAR ADERÊNCIA DIA 08/09 E 09/08 PEND. ATUAR EM ODISSEIA	Sandy Santos
TURNO 2	09/08/2025	756	0	18	ADE. SGC 09/08	ADE. VARGINHA 08.08 REMESSA( 898908972) SOBRA DE SGC 09.08 REMESSA(898904816) ADE. SGC 07.08 REMESSA (898904879) 1 PLT DEVOLUÇÃO DE MP	ZERADO	DEVOLUÇÃO IVENTARIADO DEDUTIVEL FINALIZADO	SJP ODISSEIA EM CARREGAMENTO REGISTRO EM CARREGAMENTO	ADE. PARANÁ 08.08 PEND. REMESSA ADE. PARANÁ DIA 09.08 PEND SEPARAÇÃO ADE. SGC 08.08 PEND TM ADE. VARGINHA 09.08 EM SEPARAÇÃO	F1 CARGA PEND CARREGAMENTO 2 FILEIRAS F1 PARA ESTORNAR	F1 PEND  ESTORNO	SOLICITAR ADERENCIA REGISTRO 09.08 SOLICITAR DEDUTIVEL PA NÃO INFLAMAVEL 3 NFS COM ERRO, CHAMADO ABERTO	Elane Santos
TURNO 3	10/08/2025	125		12	ZERADO	* ADE. VARGINHA 08.08 (898908972) * SOBRA DE SGC 09.08 (898904816) * ADE. SGC 07.08 (898904879) * 1 PLT DEVOLUÇÃO DE MP	ZERADO	* DEVOLUÇÃO INVENTARIADO * DEDUTIVEL FINALIZADO * FP LOG	* AD. VARGINHA 09.08 - PEND TM (898912401)	* ADE. PARANÁ 08.08 - PEND TM (898912154) * AD. SGC 08.08 - PEND TM (898912177) * AD. VARGINHA 08.08 -  PEND TM (898912086) * AD. REGISTRO 08.08 - PEND TM (898912141) * AD. REGISTRO 09.08 - PEND TM (898911513) * ADE. PARANÁ 08.08 - PEND TM (898910239) * AD. SGC - PEND TM (898912407) * AD. SGC 08.08 - PEND TM (898908911) * AD SGC 09.08 - PEND TM (898911212) * AD. REGISTRO - PEND TM (898912406) * AD. PARANÁ 09.08 - PEND TM (898910947)	* F1 - FATURADO, AGUARDANDO BAÚ (898912129) * F1 - AGUARDANDO DESBLOQUEIO DA QUALIDADE	* F1 - PEND  ESTORNO	* ADERÊNCIA PENDENTE AJUSTE DRP * 3 NFS COM ERRO, CHAMADO ABERTO	Santos Gisele
TURNO 1	10/08/2025	225		2	ZERO DESCIDA	* SOBRA DE SGC 09.08 (898904816) * ADE. SGC 07.08 (898904879) * 1 PLT DEVOLUÇÃO DE MP	VAZIO	*  DEVOLUÇÃO INVENTARIADO  * DEDUTIVEL PAPEL - SEPARADO * FP LOG	* DEDUTIVEL PA NÃO INFLAMÁVEL - SEPARADO  * AD. VARGINHA 09.08 - PEND TM (898912401) *  AD. VARGINHA 09/08 - - PEND TM (898914274) * AD. VARGINHA 08/08 - - PEND TM (898914677)	* * ADE. PARANÁ 08.08 - PEND TM (898912154) * * AD. SGC 08.08 - PEND TM (898912177) * * AD. VARGINHA 08.08 -  PEND TM (898912086) * * AD. REGISTRO 08.08 - PEND TM (898912141) * * AD. REGISTRO 09.08 - PEND TM (898911513) * * ADE. PARANÁ 08.08 - PEND TM (898910239) * * AD. SGC - PEND TM (898912407) * * AD. SGC 08.08 - PEND TM (898908911) * * AD SGC 09.08 - PEND TM (898911212) * * AD. REGISTRO - PEND TM (898912406) * * AD. PARANÁ 09.08 - PEND TM (898910947) * AD. SGC 08.08 - PEND TM - PEND. CRIAR REMESSA (9 UCS) * * AD SGC 09.08 - PEND CRIAR REMESSA (4 UCS)	F1 LOGIC 898913398 - FATURADA AG. BAÚ PLT PEND. ESTORNO	F1 LOGIC 898912129 - FATURADA AG BAÚ F1 LOGIC - PEND. FATURAR (FIFO 4A)	ATUAÇÃO EM DEDUTÍVEL - PA NÃO INFLAMÁVEL (40 PLTS SOLICITADOS) ATUAÇÃO EM TAREFAS PENDENTES/ CAMPO TRANSITÓRIO E ÁREA DE DIVERGÊNCIA	Sandy Santos
TURNO 2	10/08/2025	234	0	3	ZERO DESCIDA	* AD PARANÁ * AD REGISTRO *1 PLT DEVOLUÇÃO DE MP	VAZIO	* DEVOLUÇÃO INVENTARIADO * DEDUTIVEL PAPEL - SEPARADO * FP LOG	*  DEDUTIVEL PA NÃO INFLAMÁVEL - SEPARADO * AD. VARGINHA 09.08 - PEND TM (898912401) * AD. VARGINHA 09/08 - - PEND TM (898914274) * AD. VARGINHA 08/08 - - PEND TM (898914677)	* ADE. PARANÁ 08.08 - PEND TM (898912154) *  AD. VARGINHA 08.08 -  PEND TM (898912086) * AD. REGISTRO 08.08 - PEND TM (898912141) * AD. REGISTRO 09.08 - PEND TM (898911513) *  ADE. PARANÁ 08.08 - PEND TM (898910239) * AD. REGISTRO - PEND TM (898912406) * AD. PARANÁ 09.08 - PEND TM (898910947)	* F1 LOGIC - FIFO 4A PEND CRIAR REMESSA * F1 LOGIC - FIFO 4 PEND CRIAR REMESSA * F1 LOGIC - FATURADA 898916996 PEND BAU	*F1 LOGIC - PEND ESTORNO	* F1 - REMESSA 898912129 CARREGADA NO BAU DA PIZZATTO: TAV4C49 * F1 - REMESSA: 898913398 CARREGADA NO BAU DA PIZZATTO: RHJ2D35 * ATUAÇÃO EM TAREFAS PENDENTES/ CAMPO TRANSITÓRIO E ÁREA DE DIVERGÊNCIA 04 NFS COM ERRO - CHAMADO ABERTO	Beatriz Suzart
TURNO 3	11/08/2025	0		0	ZERADO	AD PARANÁ AD REGISTRO 1 PLT DEVOLUÇÃO DE MP	VAZIO	DEVOLUÇÃO INVENTARIADO DEDUTIVEL PAPEL - SEPARADO FP LOG	DEDUTIVEL PA NÃO INFLAMÁVEL - SEPARADO AD. VARGINHA 09.08 - PEND TM (898912401) AD. VARGINHA 09/08 - - PEND TM (898914274) AD. VARGINHA 08/08 - - PEND TM (898914677)	ADE. PARANÁ 08.08 - PEND TM (898912154) AD. VARGINHA 08.08 -  PEND TM (898912086) AD. REGISTRO 08.08 - PEND TM (898912141) AD. REGISTRO 09.08 - PEND TM (898911513) ADE. PARANÁ 08.08 - PEND TM (898910239) AD. REGISTRO - PEND TM (898912406) AD. PARANÁ 09.08 - PEND TM (898910947)	F1 LOGIC - FIFO 4A PEND CRIAR REMESSA F1 LOGIC - FIFO 4 PEND CRIAR REMESSA F1 LOGIC - FIFO 3 PEND CRIAR REMESSA F1 LOGIC - FATURADA 898916996 PEND BAU	F1 LOGIC - PEND ESTORNO	F1 - REMESSA 898912129 CARREGADA NO BAU DA PIZZATTO: TAV4C49 F1 - REMESSA: 898913398 CARREGADA NO BAU DA PIZZATTO: RHJ2D35 ATUAÇÃO EM TAREFAS PENDENTES/ CAMPO TRANSITÓRIO 04 NFS COM ERRO - CHAMADO ABERTO	Santos Gisele
TURNO 1	11/08/2025	144		3	ZERO DESCIDA	* * AD PARANÁ * * AD REGISTRO * *1 PLT DEVOLUÇÃO DE MP * *1 PLT DEVOLUÇÃO RÓTULO	VAZIO	* * DEVOLUÇÃO INVENTARIADO - AG. NF  * * DEVOLUÇÃO INVENTARIADO - PEND. SOLICITAR NF * * DEDUTIVEL PAPEL - SEPARADO	* *  DEDUTIVEL PA NÃO INFLAMÁVEL - SEPARADO (AG. CARREGAMENTO) * * AD. VARGINHA 09.08 - PEND TM (898912401) * * AD. VARGINHA 09/08 - - PEND TM (898914274) * * AD. VARGINHA 08/08 - - PEND TM (898914677)	F1 LOGIC - 48 UCS PEND. CRIAR REMESSA (FIFO 4 SISTÊMICO)	F1 LOGIC (898930816) - FATURADA AG. BAÚ	F1 - 02 FILEIRAS ESTORNADAS (PEND. TRANSFERIR PARA FIFO) PLT PEND. ESTORNO	* * F1 - REMESSA 898912129 CARREGADA NO BAÚ DA PIZZATTO: TAV4C49 * * F1 - REMESSA: 898913398 CARREGADA NO BAÚ DA PIZZATTO: RHJ2D35 * * ATUAÇÃO EM TAREFAS PENDENTES/ CAMPO TRANSITÓRIO/ ÁREA DE DIVERGÊNCIA * * ATUAÇÃO EM OPORTUNIDADES DE COMPACTAÇÃO DE PALLETS NO TRANSELEVADOR * * 04 NFS COM ERRO - CHAMADO ABERTO	Sandy Santos
TURNO 2	11/08/2025	404	0	10	SGC ( ITENS LILY)	ADE. PARANÁ 09/08 ADE. REGISTRO 09/08 DEVOLUÇÃO DE MP PALETE DE ESTOJOS TESTE HEROES PARA REGISTRO	ZERADO	DEVOLUÇÃO  DEDUTIVEL	REGISTRO(COOPECARGA) PEND REMESSA SGC 36 PLTS EM SEPARAÇÃO (LILY) CARREGAR DOUBLO DECK	VAZIO	39 PLTS F1 SEPARADO NO FIFO 4A	DUAS CARGAS LOGIC FINALIZADAS( AGUARDANDO BAÚ)	PENDENTE CRIAR LISTA SGC E PARANÁ ATENÇÃO AOS ITENS DO LILY, CARGAS SEPARADAS E DOUBLO DECK	Elane Santos
TURNO 2	11/08/2025	404	0	10	SGC ( ITENS DO LILY)	DEVOLUÇÃO DE MP PALETE DO TESTE HEROES ADE. PARANÁ 09.08 ADE REGISTRO 09.08	ZERADO	DEDUTIVEL SEPARADO  DUAS CARGAS DEVOLUÇÃO (AGUARDANDO NF)	SGC (LILY) EM DESCIDA 36 PLTS DOUBLO DECK) REGISTRO (LILY) PEND REMESSA)	VAZIO	LOGIC NO FIFO 4A PEND COMPLETAR CARGA	DUAS CARGAS LOGIC PEND BAÚ	ITENS DO LILY CARGAS SEPARADAS (DOUBLO DECK PEND CRIAR LISTA SGC E PARANÁ	Elane Santos
TURNO 3	12/08/2025	334		10	* SGC- 12/08  * SOBRA DE VARGINHA: 04 PLTS  * ADERÊNCIA DE REGISTRO : 01 PLT	* DEVOLUÇÃO DE MP * PALETE DO TESTE HEROES  * ADE. PARANÁ 09.08 - (898915095)- PEND. TM  * ADE. REGISTRO 12/08 - EM SEPARAÇÃO (Sist FIFO 3)	ZERADO	* DEDUTIVEL SEPARADO * DUAS CARGAS DEVOLUÇÃO (AGUARDANDO NF) * SOBRA REGISTRO 12.08 (898948048) - PEND. TM	* SGC 12/08 - EM DESCIDA  OBS: 01 PLT JÁ SEPARADO  NO EXPEDE	VARGINHA - CRIAR REMESSA	* F1 - AGUARDANDO BAÚ LOGIC (898946980) * F1 - AGUARDANDO DESBLOQUEIO (FIFO4 - Sistêmico) *F1 - 08 PLTS PENDT. ESTORNO	* F1 - AGUARDANDO BAÚ LOGIC (898939444)	* TODA LISTA DO DIA 12/08 - CRIADA  * 03 NFS QUE ESTAVAM COM ERRO DE PALETE - LIBERADA  * ADERÊNCIA DE REGISTRO 12/08  MAPEADA - EM SEPARAÇÃO	Nicolly Araujo
TURNO 1	12/08/2025	470		15	PARANÁ	DEVOLUÇÃO DE MP •  PALETE DO TESTE HEROES •  ADE. PARANÁ 09.08 - (898915095)- PEND. TM * ADE. REGISTRO 12/08 - PEND. TM	ZERADO	DEDUTIVEL SEPARADO • CARGA DEVOLUÇÃO (AGUARDANDO NF) *SOBRA DE REGISTRO SOBRA DE VARGINHA 10PLT- PEND. CRIAR REMESSA (SIST. FIFO2A)	ETIQUETA LARANJA PARANÁ - PEND.CRIAR REMESSA (SIST.FIFO3) ETIQUETA VERMELHA 24PLT-PARANÁ-  EM DESCIDA	SOBRA DE SGC  21PLT- PEND CRIAR REMESSA (SIST. FIFO3A) SGC - EM CARREGAMENTO	PARANÁ- PEND. CRIAR REMESSA(SIST.FIFO5) F1- PEND. CRIAR REMESSA (SIST. FIFO4)	F1- PEND.  BAÚ (REMESSA 898939444) F1- PEND. ESTORNA (SIST.FIFO4A)	MAPEAR ADERENCIA DE VARGINHA E SGC 12/08 1 NF COM ERRO DE NF PALETE.	Islani Marques
TURNO 2	12/08/2025	765	0	24		DEVOLUÇÃO DE MP 12 PLTS SJP MP (ODISSEIA) 3 PLTS DE SOBRA DE PARANÁ 12.08 10 PLTS DE SOBRA DE VARGINHA 12.08 1 PLT DE ESTOJOS TESTE HEROES ( ERRO DE CADASTRO)	ZERADO	REGISTRO EM SEPARAÇÃO- PEND REMESSA CARGA DE REGISTRO EM CARREGAMENTO DEDUTIVEL SEPARADO DEVOLUÇÃO AGUARDANDO NFS DEVOLUÇÃO PEND DESBLOQUEIO QUALIDADE	CARGA DE LILY PARA REGISTRO- PEND CRIAR REMESSA	CARGA DE REGISTRO- EM CARREGAMENTO- PEND TM	F1 - FINALIZADO	F1- 2 FILAS PARA ESTORNAR	PENDENTE CRIAR LISTA DE SGC, VARGINHA E PARANÁ 13.08 PENDENTE MAPEAR ADERÊNCIA SGC, VARGINHA E PARANÁ 12.08 1 NF COM ERRO NA NOTA DE PALETE	Elane Santos
TURNO 3	13/08/2025	292		13	* ADERÊNCIA REGISTRO 13/08  * VARGINHA 13/08	* DEVOLUÇÃO DE MP * 12 PLTS SJP MP (ODISSEIA) * 10 PLTS DE SOBRA DE VARGINHA 12.08 - 898958253 (PEND MULTI) * 1 PLT DE ESTOJOS TESTE HEROES (ERRO DE CADASTRO, CHAMADO ABERTO) * AD VARGINHA 12.08 - 898969635 (PEND TM)	ZERADO	* AD. SGC 12.08 ((898969661)) -  PENDT. TM + CHECK AUDITOR  * SGC 13/08 (898969722) - PENDT. TM + CHECK AUDITOR (ETIQUETA LARANJA)  * DEVOLUÇÃO AGUARDANDO NFS * DEVOLUÇÃO PEND DESBLOQUEIO QUALIDADE	VAZIO	* SGC - PEND CHECK AUDITOR + TM  (898969649 + 898957896)	* F1- PEND ESTORNO	* F1 - PEND DESBLOQUEIO DA QUALIDADE (FIFO 4 - SISTÊMICO)	* ADERÊNCIA 12/08 - 99%  * LISTA 13/08 - CRIADA  (PENDENTE SOLICITAR PARANÁ E TERMINAR E VARGINHA)  * ADERÊNCIA REGISTRO 13/08 - EM DESCIDA  * MAPEAR ADERÊNCIA SGC 13/08	Nicolly Araujo
TURNO 1	13/08/2025	442		16	ODISSEIA  SJP - 898841372	DEVOLUÇÃO DE MP •  12 PLTS SJP MP (ODISSEIA) * 10 PLTS DE SOBRA DE VARGINHA 12.08 - 898958253 (PEND MULTI) •  1 PLT DE ESTOJOS TESTE HEROES (ERRO DE CADASTRO, CHAMADO ABERTO) * AD VARGINHA 12.08 - 898969635 (PEND TM) *DEVOLUÇÃO MP - PEND. NF	ZERADO	SJP- EM DESCISDA  DEVOLUÇÃO AGUARDANDO NFS DEDUTIVEL DE PAPEL  SOBRA DE PARANA- PEND SEPARAR	AD. REGISTRO- PEND. CRIAR REMESSA (SIST. FIFO2A) PARANÁ (ETIQUETA AMARELA) -PEND SEPARAR	VARGINHA - PEND CRIAR REMESSA(SIST. FIFO3) SOBRA DE VARGINHA (ETIQUETA LARANJA)- PEND. SEPARAR	PARANA- PEND CRIAR REMESSA(SIST. FIFO3A)	F1 - PEND DESBLOQUEIO DA QUALIDADE (FIFO 4 - SISTÊMICO) F1- PEND. ESTORNO	MAPEAR ADERENCIA 13/08 SGC, VARGINHA, PARANÁ	Islani Marques
TURNO 2	13/08/2025	460	0	14	ADE DE PARANÁ 13.08 SJP ODISSEIA REMESSAS (898939484 , 898939543)	PLTS DE ESTOJOS AGUARDANDO QUALIDADE DEVOLUÇÃO MP	ZERADO	SJP REMESSA (898939484 , 898939543) EM DESCIDA SJP MP REMESSA (898976734) PEND SPLIT	ADE PARANÁ 13.08 EM DESCIDA CARGA DE REGISTRO PEND REMESSA	CARGA DE REGISTRO 14.08 PEND REMESSA ADE. REGISTRO 13.08 PEND TM	CARGA REGISTRO EM CARREGAMENTO F1- LOGIC PARA ESTORNAR	F1- SEPARADA NO FIFO 4A F1- PENDENTE REMESSA	REMESSA DE SJP 898841372 COM ERRO NO PISO NO NOVO ARMAZEM PEND CRIAR LISTA DE SGC E VARGINHA 14.08 PEND FINALIZAR LISTA DE PARANÁ PEND ATUAR EM ADERÊNCIA DE VARGINHA E SGC 13.08	Elane Santos
TURNO 3	14/08/2025	303		11	ADERÊNCIA REGISTRO 14.08 EXPORTAÇÃO 13/08 : 898958882	DEVOLUÇÃO MP - AGUARDANDO DESBLOQUEIO DA QUALIDADE DEVOLUÇÃO MP - AGUARDANDO COLETA  AD. VARGINHA 13/08 - PENDET. CRIAR REMESSA (Sist: Fifo3A)  PALETE TESTE HEROES - VALOR LIQUIDO	35 PALETES P/ ARMAZENAR  Obs: 12 paletes já transferido para o trans (cone verde) apenas inserir.	DEDUTIVEL SEPARADO  DUAS CARGAS DEVOLUÇÃO (AGUARDANDO NF) ADERÊNCIA REGISTRO 14/08 - EM DESCIDA	PALETES P/ARMAZENAR	VAZIO	F1- CARGA AGUARDANDO DESBLOQUEIO DA QUALIDADE	F1 - 05 PALETES EXTORNADO NO EXPEDE  + 08 PALETES PARA ESTORNAR	MATERIAL NO PISO DO NOVO ARMAZEM P/ ARMAZENAR  LISTA DO DIA 14/08 - CRIADA (PENDENTE SOLICITAR APENAS VARGINHA E SGC)  PEND MAPEAR ADERÊNCIA PARANÁ 14/08  LISTA DE 01 CARGA FP LOG 14/08 - CRIADA	Nicolly Araujo
TURNO 1	14/08/2025	565		16	FP LOG - (REMESSA 898979200) DEVOLUÇÃO VARGINHA	DEVOLUÇÃO MP - AGUARDANDO DESBLOQUEIO DA QUALIDADE  DEVOLUÇÃO MP - AGUARDANDO COLETA AD. VARGINHA 13/08 (REMESSA 898990180) - PEND. TM  PALETE TESTE HEROES - VALOR LIQUIDO		ADERENCIA DE REGISTRO 13/08 E 14/08 (898990423/ 898994171)- EM CARREGAMENTO  DEDUTIVEL DE PAPEL DUAS CARGAS DEVOLUÇÃO (AGUARDANDO NF)	SGC - PEND. CRIAR REMESSA (SIST. FIFO2A) VAGINHA (ETIQUETA LARANJA)-  PEND. CRIAR REMESSA (SIST. FIFO1)	VARGINHA- PEND. SEPARAR	F1-  2 FILAS PEND. ESTORNAR  VARGINHA PEND. SEPARAR	F1- SEPARANDO (SIST. FIFO5)	MATERIAL  DE DEVOLUÇÃO QUE ESTA EM DESCIDA  COLOCAR NO PISO DO GALPÃO PROXIMO A EXPEDIÇÃO  PEND. MAPEAR ADERENCIA SGC 14/08	Islani Marques
TURNO 2	14/08/2025	806	0	24	SGC REGISTRO	ADERÊNCIA DE REGISTRO 14.08 ADERÊNCIA PARANÁ 14.08 REGISTRO MAPA DIA 15.08	DEVOLUÇÃO AGUARDANDO DESBLOQUEIO QUALIDADE	FPLOG SEPARADA SGC EM SEPARAÇÃO DEDUTIVEL SEPARADO	SGC PEND SPLIT - 899005592	BOTICA SP REMESSA PEND SEPARAR VARGINHA 14/08 PEND REMESSA	F1- EM CARREGAMENTO F1- 1 FILEIRA NO EXPEDE E 1 FILEIRA ESTORNADA	F1- PEND ESTORNO	SOLICITAR AD DE SGC 14/08 CRIAR LISTA 15/08 - PARANÁ E VARGINHA MAPEAR AD DE VARGINHA 14/08	Beatriz Suzart
TURNO 3	15/08/2025	274		8	VARGINHA 15/08 AD. SGC 14/08	ADERÊNCIA PARANÁ 14.08 PALETE DO TESTE HEROES (Continua apresentando erro ao criar remessa)  DEVOLUÇÃO MP - AGUARDANDO COLETA	DEVOLUÇÃO - SEPARADA E LIBERADA PELA QUALIDADE	* FPLOG SEPARADA * SGC 15/08 (899008093) - PENDT CARREGAMENTO * DEDUTIVEL SEPARADO	VARGINHA 15/08 - PEND. CRIAR REMESSA	VARGINHA 15/08 - VARGINHA EM SEPARAÇÃO  REGISTRO - PENDT CARREGAMENTO	F1 - PENT REALIZAR ESTORNO	F1 - CARGA PENDT CRIAR REMESSA (Sist: Fifo 05)  F1 - CARGA PENT LIBERAÇÃO QUALIDADE (Sist: Fifo 5A)	MAPEAR AD DE VARGINHA 14/08 MAPEAR AD SGC / REGISTRO 15/08  LISTA DO DIA 15/08 ´- PENDENT SOLICITAR PARANÁ	Nicolly Araujo
TURNO 1	15/08/2025	610		14	* FP LOG (REMESSAS 898979215, 898979231)´ *ADERENCIA SGC 15/08	* ADERÊNCIA PARANÁ 14.08 * ADERENCIA SGC 14.08- PEND SEPARAR * PALETE DO TESTE HEROES (Continua apresentando erro ao criar remessa) * DEVOLUÇÃO MP - AGUARDANDO COLETA		FP LOG AGUARDANDO CRIAR NOVA REMESSA  FP LOG EM DESCIDA (REMESSAS 898979215, 898979231)	VARGINHA EM CARREGAMENTO	AD. VARGINHA 14/08 PEND. SEPARAR	F1- PEND ESTORNO	F1- PEND REMONTAR ( REMESSA 899014974)	MAPEAR ADERENCIA DE REGISTRO  DEVOLUÇÃO NO PISO DO GALPÃO NOVO	Islani Marques
TURNO 2	15/08/2025	596	0	17	PARANÁ 16/08	AD SGC 14.08 899023938 - PEND SPLIT AD PARANÁ - PEND TM  PLTS COM ERRO - DEVOLUÇÃO  PLTS COM ERRO DE INSEÇÃO	ZERADO	* FP LOG AGUARDANDO CRIAR NOVA REMESSA * FP LOG (REMESSAS 898979215, 898979231) - PEND FATURAR * AD DE PARANÁ 15.08 - PEND SEPARAR * SOBRA DE SGC 16.08 - PEND CRIAR REMESSA	SGC 16.08 - EM CARREGAMENTO	SGC 16.08 E AD - EM CARREGAMENTO  AD VARGINHA 14.08 - EM SEPARAÇÃO	F1 - FIFO4A 36 PALETES	F1 - PEND ESTORNAR	CRIAR LISTA 16/08 PARANÁ E REGISTRO SOLICITAR AD 15/08 VARGINHA E SGC  MAPEAR AD 15/08 REGISTRO	Beatriz Suzart
TURNO 3	16/08/2025	189		6	ADERÊNCIA REGISTRO 15/08 ADERÊNCIA VARGINHA 15/08 ADERÊNCIA SGC 15/08	IPP - DEVOLUÇÃO AD. SGC 14/08 (899026835) - PEND VERIFICAR ERRO  REMESSA SJP (MP) - 899018242  SOBRA PARANÁ 15/08 (899019774) - PENDT  TM  AD. VARGINHA 14/08 (899025538) - PENDT TM  03 PALETES P/ INSERIR	ZERADO	AD. PARANÁ 14/08 - PENDT CRIAR REMESSA (01 PLT COM A ETIQUETA AMARELA)  AD. PARANÁ 15/08 - PENDT CRIAR REMESSA (07 PLTS COM A ETIQUETA VERMELHA) SOBRA SGC 16/08 - (899026801) - PEND VERIFICAR ERRO  FP LOG AGUARDANDO CRIAR NOVA REMESSA FP LOG (REMESSAS 898979215, 898979231) - PEND FATURAR DEDUTIVEL SEPARADO	EXPORTAÇÃO 14/08 (898998496) - PENDT SPLIT  ADERÊNCIA DE REGISTRO 15/08 - EM DESCIDA	VAZIO	F1 - AGUARDANDO LIBERAÇÃO DA QUALIDADE (Sist FIFO 4A) - CONE AMARELO  F1 - F1 - CARGA LIBERADA PARA CRIAÇÃO DA REMESSA (Sist FIFO 5A)	F1 - 12 PLTS PARA ESTORNAR	PENDENTE CRIAÇÃO DA LISTA DE VARGINHA 16/08  PENDENTE SOLICITAR REGISTRO 16/08  PENDENTE MAPEAR ADERÊNCIA DE SGC E PARANÁ DO DIA 16/08 PALETES DE F1 NO PISO DO RECEBIMENTO PENDENTE ESTORNO	Nicolly Araujo
TURNO 1	16/08/2025	429		9	ZERO DESCIDA	IPP - DEVOLUÇÃO SOBRA VARGINHA 16/08 - PEND. CRIAR REMESSA  AD. SGC 14/08 (899026835) - PEND TM AD. SGC 15/08 (899033205) - PEND. TM	VAZIO	* AD. PARANÁ 14/08 899032249  - PEND. TM (01 PLT COM A ETIQUETA AMARELA) * AD. PARANÁ 15/08 899029642 - PEND. TM (07 PLTS COM A ETIQUETA VERMELHA) * SOBRA SGC 16/08 - (899026801) - PEND VERIFICAR ERRO * FP LOG AGUARDANDO CRIAR NOVA REMESSA * FP LOG (REMESSAS 898979215, 898979231) - PEND FATURAR * DEDUTIVEL SEPARADO	EXPORTAÇÃO REMESSA  899018310- PEND. SEPARAR	REGISTRO 899033397 - PEND. TM AD REGISTRO 15/08 899033581 - PEND. TM SOBRA PARANÁ 15/08 899019774 - PEND. TM VARGINHA - PEND. CRIAR REMESSA AD. VARGINHA 15/08 899029542 - PEND.TM  AD. VARGINHA  14/08 899025538 - PEND. TM	F1 - PLTS PEND. ESTORNO	F1 LOGIC - PEND. CRIAR REMESSA	PEND. ATUAR ADERÊNCIA	Sandy Santos
TURNO 2	16/08/2025	449	0	22	AD VARGINHA 16/08	* IPP - DEVOLUÇÃO * AD VARGINHA 15/08 - PEND TM 899037457 * AD REGISTRO 15/08 - PEND TM 899037750	ZERADO	AD VARGINHA 16/08 - EM DESCIDA SOBRA SGC 16/08 - (899026801) - PEND VERIFICAR ERRO AD. SGC 14/08 (899026835) - PEND TM AD. SGC 15/08 (899033205) - PEND. TM FP LOG AGUARDANDO CRIAR NOVA REMESSA FP LOG (REMESSAS 898979215, 898979231) - PEND FATURAR DEDUTIVEL SEPARADO	EXPORTAÇÃO E PARANÁ - EM CARREGAMENTO 899018310 | 899040032 | 899032249  899029642 F1 - FATURADO PEND BAU - 899040541	SJP - EM SEPARAÇÃO - 899020814	F1 - 3 FILEIRAS PEND ESTORNO	F1 - 2 FILEIRA NO FIFO 4A F1 - 2 FILEIRAS PEND ESTORNO F1 - 3 PLS PEND ESTORNO	PEND SOLICITAR AD SGC 16/08	Beatriz Suzart
TURNO 3	17/08/2025	81		3	ADERÊNCIA SGC 16/08  FP LOG (898979238)	AD REGISTRO 15/08 - PEND TM 899037750 AD. PARANÁ 16/08 - PENDT CRIAR REMESSA  AD VARGINHA 15/08 - PEND TM 899037457 AD. VARGINHA 16/08 - PEND TM (899043489)  IPP - DEVOLUÇÃO PALETE P/ TRATAR	ZERADO	FP LOG AGUARDANDO CRIAR NOVA REMESSA  FP LOG (REMESSAS 898979215, 898979231) - PEND FATURAR  DEDUTIVEL SEPARADO SOBRA SGC 16/08 -  (85988871 / 85988159 ) PEND. MULTI  ADE. SGC 16/08 - EM DESCIDA / SEPARAÇÃO  (17 UCS SEPARADAS NO FIFO 2A) AD. SGC 14/08 (85988165 / 899043172 ) - PEND MULTI AD. SGC 15/08 (899033205) - PEND. TM	SJP (899018747) - PENDT TM	F1 - AGUARDANDO DESBLOQUEIO DA QUALIDADE (Sist: FIFO 3A)  Obs: Carga identificada e com etiqueta na cor branca	F1 - PENDENTE CRIAR REMESSA (Sist: FIFO 4) Obs: Carga identificada e com etiqueta da cor laranja   F1 - PENDENTE CRIAR REMESSA (Sist: FIFO 4A) Obs: Carga identificada e com etiqueta da cor amarela	F1 - PALETES P/ ESTORNAR	PENDT. SOLICITAR PALETES DE FP LOG 19/08 - LISTA CRIADA	Nicolly Araujo
TURNO 2	17/08/2025	166	0	4	55 PLTS DEDUTIVEL PAPEL	6 PLTS PARA INVENTARIO QUALIDADE * AD REGISTRO 15/08 - PEND TM 899037750 * AD. PARANÁ 16/08 - PEND TM 899045679 * AD VARGINHA 15/08 - PEND TM 899037457 * AD. VARGINHA 16/08 - PEND TM (899043489) * IPP - DEVOLUÇÃO * PALETE P/ TRATAR	ZERADO	* FP LOG AGUARDANDO CRIAR NOVA REMESSA * FP LOG (REMESSAS 898979215, 898979231) - PEND FATURAR * DEDUTIVEL SEPARADO	DEDUTIVEL EM SEPARAÇÃO	SJP (899018747) - PENDT TM F1- AGUARDANDO FATURAMENTO E BAÚ FPLOG SEPARADO EM BUFFER PARA FATURAR	* F1 - PENDENTE CRIAR REMESSA (Sist: FIFO 4) * Obs: Carga identificada e com etiqueta da cor laranja * F1 - PENDENTE CRIAR REMESSA (Sist: FIFO 4A) * Obs: Carga identificada e com etiqueta da cor amarela	F1 - PALETES EM SEPARAÇÃO	103 PALETES DEDUTIVEL SOLICITADOS, EM SEEPARAÇÃO, IDENTIFICAÇÃO FAMILIA PAPEL E ARMAZENADOS EM MP (RUA 8) 35 PALETES COMPACTADOS E ARMAZENADOS 6 PALETES SOLICITADOS PARA INVENTARIO DA QUALIDADE	Elane Santos
TURNO 3	18/08/2025	144		3	ZERADO	6 PLTS PARA INVENTARIO QUALIDADE AD REGISTRO 15/08 - PEND TM (899037750) AD. PARANÁ 16/08 - PEND TM (899045679) AD VARGINHA 15/08 - PEND TM (899037457) AD. VARGINHA 16/08 - PEND TM (899043489) IPP - DEVOLUÇÃO PALETE P/ TRATAR	ZERADO	FP LOG AGUARDANDO CRIAR NOVA REMESSA FP LOG (REMESSAS 898979215, 898979231) - PEND FATURAR CPACK	F1 - PEND CRIAR REMESSA (SISTÊMICO 1)	SJP (899018747) - PEND. TM F1 - PEND CRIAR REMESSA (SISTÊMICO 3A) FPLOG SEPARADO EM BUFFER PARA FATURAR	F1 - PEND CRIAR REMESSA (SISTÊMICO 4) F1 - PEND CRIAR REMESSA (SISTÊMICO 2A)	F1 - PEND CRIAR REMESSA (SISTÊMICO 3)	DEDUTÍVEL ARMAZENADO NA RUA 8 ADERÊNCIA DIA 16 AGUARDANDO AJUSTE DRP	Santos Gisele
TURNO 1	18/08/2025	192		2	ZERADO	6  PLTS PARA INVENTARIO QUALIDADE  AD REGISTRO 15/08 - PEND TM (899037750) AD. PARANÁ 16/08 - PEND TM (899045679) AD VARGINHA 15/08 - PEND TM (899037457)  AD. VARGINHA 16/08 - PEND TM (899043489)	ZERADO	FP LOG -AGUARDANDO CRIAR NOVA REMESSA CPACK DEVOLUÇÃO- PEND. NF	F1 - PEND CRIAR REMESSA (SISTÊMICO 5) F1 - PEND. ESTORNO	F1 - PEND CRIAR REMESSA (SISTÊMICO 3A) SJP (899018747) - PEND. TM	F1( REMESSA 899061169)- PEND. BAU   F1( REMESSA 899060109)- PEND. BAU	F1 - PEND CRIAR REMESSA (SISTÊMICO 3) F1 - PEND. ESTORNO	F1- FATURADA REMESSA 899048354 BAU PIZZATTO PLACA SEG9H52	Islani Marques
TURNO 2	18/08/2025	669	0	17	SGC 19/08	6  PLTS PARA INVENTARIO QUALIDADE AD REGISTRO 15/08 - PEND TM (899037750) AD. PARANÁ 16/08 - PEND TM (899045679) F1 - PEND ESTORNO	48 PALETES DE DEDUTIVEL PAPEL SEPARADO - PEND LEVAR PRA MP PEND SOLICITAR 12 PALETES FECHADOS DE DEDUTIVEL (PAPEL) E LEVAR PARA MP	FP LOG -AGUARDANDO CRIAR NOVA REMESSA CPACK DEVOLUÇÃO- PEND. NF SJP (899018747) - PEND. TM	SGC 19/08 - PEND SPLIT E DUPLO CHECK - 899073476	SGC - PEND SEPARAÇÃO	F1 - 41 UC MP FIFO4  2 PALETES PEND ESTORNO F1 - 2 CARGA FATURADO PEND BAU	PEND ESTORNO  F1 - 1 CARGA FATURADO PEND BAU	PEND CONTINUAR A CRIAÇÃO DA LISTA DE SGC 19/08 CRIAR LISTA DE REGISTRO, PARANÁ E VARGINHA 19/08 PEND SOLICITAR 12 PALETES FECHADOS DE DEDUTIVEL (PAPEL) E LEVAR PARA MP	Beatriz Suzart
TURNO 3	19/08/2025	355		9	SGC - 19/08 EXPORTAÇÃO - 18/08 (899066618)	6 PLTS PARA INVENTARIO QUALIDADE AD REGISTRO 15/08 - PEND TM (899037750) AD. PARANÁ 16/08 - PEND TM (899045679)	EM DESCIDA 12 PALETES FECHADOS DE DEDUTIVEL (PAPEL)	FP LOG - AGUARDANDO CRIAR NOVA REMESSA DEDUTÍVEL (PAPEL) CPACK DEVOLUÇÃO - PEND. NF SJP (899018747) - PEND. TM SGC - EM DESCIDA	SGC - PEND CRIAR REMESSA (ITEM 87896 VALOR LÍQUIDO)	SGC - PEND CARREGAMENTO E CONFERÊNCIA DA AUDITORIA	F1 - AGUARDANDO BAÚ (899077234) F1 - AGUARDANDO BAÚ (899077198) F1 - PEND ESTORNO	F1 - AGUARDANDO BAÚ (899067218)	TODAS AS LISTAS DO MAPA - 19.08 CRIADAS PEND SOLICITAR PARANÁ, VARGINHA, REGISTRO	Santos Gisele
TURNO 1	19/08/2025	482		13	REGISTRO  PARANÁ ADERENCIA SGC 19/08	6 PLTS QUALIDADE INVENTARIADO, ESTA  DIVERGENCIA DE QUANTIDADE. F1- PEND. ESTORNO	DEVOLUÇÃO- PEND NF  F1- PEND ESTORNO	DEDUTIVEL DE PAPEL  FP LOG - AGUARDANDO CRIAR NOVA REMESSA CPK  REGISTRO( 899084102)- PEND  TM	EXPORTAÇÃO- SPLIT	REGISTRO- PEND SEPARAR AD REGISTRO 15/08 - PEND TM (899037750) SGC - EM CARREGAMENTO  AD. PARANÁ 16/08 - PEND TM (899045679) PARANÁ -EM DESCIDA	F1- PEND. ESTORNO  F1 - PEND. CRIAR REMESSA.	F1-FATURADA REMESSA 899067218	DISPONIBILIZAE DOCA SEM VEICULO, PARA LAVAGEM  SOLICITAR 21 PALETES DEDUTIVEL DE PAPEL PARA COMPLETAR CARGA, TEMOS 7 PISO( SOLICITAR OS PALETES MAIS ANTIGOS) TEM PALETE DE F1 NA AREA DO RECEBIMENTO. CARGA DE ESTOJO LOGIC EM BAÚ DA PIZZATTO PLACA SEG9H52 REMESSA 899078875 PEND.MULTI POIS PLACA SFG2C02 NÃO ESTA CADASTRADA, LIDER PIZZATTO ESTA CIENTE.	Islani Marques
TURNO 2	19/08/2025	730	0	22	SGC 20/08 DEDUTIVEL PAPEL - 30 PALETES	F1 - PEND ESTORNO	DEVOLUÇÃO- PEND NF F1- PEND ESTORNO	DEDUTIVEL DE PAPEL FP LOG - AGUARDANDO CRIAR NOVA REMESSA CPK AD SGC 19/08 - 899093970 PEND TM	SOBRA DE VARGINHA 19.08 - PEND TM 899093835 SGC 20.08 - PEND CRIAR REMESSA	SGC EM CARREGAMENTO  SOBRA DE PARANÁ 19.08 - PEND TM 899089332 AD DE PARANÁ 19.08 - PEND TM 899094533	F1 - CARGA PRONTA - PEND BAU PRA CARREGAR F1 - FIFO 4A PEND CRIAR REMESSA E DUPLO CHECK	F1 - PEND ESTORNAR	PEND MAPEAR AD DE VARGINHA 19.08 PEND CRIAR LISTA DE REGISTRO E VARGINHA 20.08	Beatriz Suzart
TURNO 3	20/08/2025	364		12	VARGINHA 20/08  AD. SGC 20/08	AD. SGC 19/08 - PENDT CRIAR REMESSA  DEDUTÍVEL PAPEL (POSSIVEL CARGA HOJE)  PALETES DIVERSOS PARA ARMAZENAR	DEVOLUÇÃO- PEND NF	DEDUTIVEL DE PAPEL (POSSIVEL CARGA HOJE)  FP LOG - AGUARDANDO CRIAR NOVA REMESSA CPACK AD VARGINHA 19/08 - PEND BIPAR (899098860) 7 PALETES PARA ARMAZENAR	VARGINHA - PIZZATTO CINTAR / PEND TM VARGINHA - PEND TM  (899098828) - FIFO2/3	AD. PARANÁ (899094533) SOBRA PARANÁ (899089332) VARGINHA EM DESCIDA	F1 - CARGA PRONTA - PEND BAÚ (899096412)  F1 - CARGA PRONTA - PEND BAÚ (899098850)	F1 - 29 PALETES ESTORNADOS	LISTA DO DIA 20/08 - CRIADA POR COMPLETA  LISTA DE EXPORTAÇÃO 19/08 - CRIADA  PALETES DE F1 NO PISO DO RECEBIMENTO  PALETES DE F1 NA AREA DE APOIO DE SEPARAÇÃO	Nicolly Araujo
TURNO 1	20/08/2025	487		13	SOBRA DE PARANÁ REGISTRO	AD. SGC 19/08 REMESSA 899100088 - PEND. TM  PALETES PARA ARMAZENAR	2 DEVOLUÇÕES AGUARDANDO NF	DEDUTIVEL DE PAPEL  CPACK AD. SGC 20/08- PEND. CRIAR REMESSA	PARANÁ-  PEND. SEPARAR	PARANÁ - PEND. SEPARAR AD. PARANÁ (899094533) PEND. BIPAR SOBRA PARANÁ (899089332) PEND. TM	F1- REMESSA 899096412- EM CARREGAMENTO  F1-  3 FILAS ESTORNADAS F1- 1 FILA PEND. ESTORNO	F1- FATURADA REMESSA 899104603	* NÃO ENCOSTAR CARRETA NAS DOCAS 01 E 02 ESTA REALIZANDO LAVAGEM.  *F1- NO PISO DO RECEBIMENTO (PEND. ESTORNO)	Islani Marques
TURNO 2	20/08/2025	727	0	23	VARGINHA 21.08 EXPORTAÇÃO 899086404	PLTS DE ESTOJO BLOQUEADO 86191 - AGUARDANDO QUALIDADE PLT PRA ARMAZENAR  AD SGC 19.08  - 899100088 3 PALETES DE SOBRA REGISTRO 20.08 - PEND SEPARAÇÃO	ZERADO	DEDUTIVEL DE PAPEL EXPORTAÇÃO - PEND SEPARAÇÃO 899086404	AD VARGINHA 20.08 - SEPARAÇÃO FIFO 1 REGISTRO 20.08 - SEPARAÇÃO FIFO 2	REGISTRO - PEND CARREGAMENTO 899118057 SOBRA DE EXPORTAÇÃO - PEND SEPARAÇÃO 899086404	F1 - EM CARREGAMENTO -  899116799 PEND IMPRIMIR NF PALETE F1 - 40 PALETES NO FIFO 4	F1 - PEND ESTORNAR	PALETES MAPEADOS NA ZONA MISTA E SOLICITADOS SALDOS - PEND REINTEGRAÇÃO  PEND SOLICITAR AD PARANÁ 20.08 PEND MAPEAR AD REGISTRO 20.08 PEND CONTINUAR A LISTA DE VARGINHA 20.08 PEND CRIAR LISTA DE SGC, PARANÁ, REGISTRO 20.08	Beatriz Suzart
TURNO 3	21/08/2025	348		9	VARGINHA 21.08  AD. PARANÁ 20. 08 AD. REGISTRO 20 .08	PLTS DE ESTOJO BLOQUEADO 86191 - AGUARDANDO QUALIDADE  PLT PRA ARMAZENAR  AD SGC 19.08  - 899100088  4 PALETES DE SOBRA REGISTRO 20.08 - PEND SEPARAÇÃO	ZERADO	DEVOLUÇÃO SOBRA EXPORTAÇÃO - PEND MULTI (899086404)  VARGINHA EM DESCIDA  AD. PARANÁ 20.08 EM DESCIDA	AD VARGINHA 20.08 - PEND BIPAR (899121779)  VARGINHA - PEND CARREGAMENTO (899122339)	VAZIO	F1 - AGUARDANDO BAÚ (899122438) F1 - 01 FILEIRA ESTORNADO  F1 - PALETE P/ ESTORNO	F1 - PALETE P/ ESTORNO	LISTA DO DIA 21/ 08 - TOTALMENTE MAPEADA  ADERÊNCIA DO DIA 20/08 -   EM DESCIDA	Nicolly Araujo
TURNO 1	21/08/2025	387		7	REGISTRO	* AD SGC 19.08 899100088 - PEND. BIPAR  * 4 PALETES DE SOBRA REGISTRO 20.08 - PEND SEPARAÇÃO (EXPEDE) PLTS DIVERGENTES	CARGA SGC - PEND. SEPARAR	* DEVOLUÇÃO - AG. NF  * SOBRA EXPORTAÇÃO - PEND MULTI (899086404) * VARGINHA (FIFO 2A) - PEND. CRIAR REMESSA * AD. VARGINHA 20/08  899121779 - PEND. BIPAR * AD. PARANÁ 20.08 899124754 - PEND. BIPAR 04 PLTS DE VARGINHA (FILMADOS E REMONTADOS -EM PROCESSO DE ESTORNO)	REGISTRO - EM DESCIDA	SGC 899129905 - PEND. BIPAR E DUPLO  CHECK ( 51 UCS) SGC - EM SEPARAÇÃO (PLTS MISTOS) AD. REGISTRO 20/08 899128041 - PEND. BIPAR	F1 - PLTS PEND. ESTORNO	F1 - PLTS PEND. ESTORNO	CARGA SGC -  NOVO GALPÃO PEND. SEPARAR F1 - NO PISO DO RECEBIMENTO  ATUAÇÃO NA ÁREA DE DIVERGÊNCIA	Sandy Santos
TURNO 2	21/08/2025	761	0	20	PARANÁ 21.08 AD SGC 21.08	PLTS DIVERGENTES	SGC EM CARREGAMENTO - 899137617	PARANÁ 21.08 - EM DESCIDA  SOBRA DE EXPORTAÇÃO - PEND MULTI 899086404	SOBRA DE REGISTRO - PEND CRIAR REMESSA FIFO 1 SOBRA DE REGISTRO - 20.08 PEND TM  AD PARANÁ  20.08 - 899124754	AD VARGINHA 21.08 - PEND SPLIT 899139043 PARANÁ - CRIAR REMESSA FIFO 2	F1 - EM CARREGAMENTO F1 - 3 FILEIRAS ESTORNADAS NO FIFO 4A	F1 - CARGA PRONTA - PEND CRIAR REMESSA FIFO 4 F1 - 2 FILEIRA PRA ESTORNAR	ATUAÇÃO NA ÁREA DE DIVERGÊNCIA LISTA PARANÁ CRIADA 22.08 LISTA REGISTRO 22.08 - PEND CONTINUAR LISTA SGC E VARGINHA 22.08 - PEND MAPEAR REMESSA 899121802 PEND ESTORNO NO S4	Beatriz Suzart
TURNO 3	22/08/2025	284		10	AD. PARANÁ 21/08 - 01 PLT AD. PARANÁ 22/08  - 08 PLTS REGISTRO 22/08	PLTS DIVERGENTES PALETES P/ INSERIR	ZERADO	DEVOLUÇÃO - AG. NF AD. VARGIHA 21/08 - PENDT BIPAR AD. SGC 21/08  - PENDT BIPAR	REGISTRO - PENDENT  BIPAR (899143254) + (899142770) PENDT TU	SOBRA PARANÁ 22/08 (899142959) - PENDT BIPAR  PALETES P/ ARMAZENAR	F1- CARGA FATURADA AGUARDANDO BAÚ (899143085)	F1 - 3 FILEIRAS ESTORNADAS NO EXPEDE F1 - 2 FILEIRAS PEND. ESTORNO	LISTA DO DIA 22/08 - 100% CRIADA  AD. PARANÁ 22/08 - MAPEADA E SOLICITADA  F1 - 01 FILEIRA PENDENTE ESTORNO NO RECEBIMENTO  REMESSA 899121802 PEND ESTORNO NO S4 01 NF COM PROBLEMA NA TM (CHAMADO ABERTO)	Nicolly Araujo
TURNO 1	22/08/2025	289		9	SGC  FPLOG 22/08 EXPORTAÇÃO REMESSA 899110056	PLT ESTOJO - PEND. ESTORNAR PLTS DIVERGNTES	DEVOLUÇÃO - AG. NF	AD. VARGINHA 21/08  899143200 - PENDT BIPAR  CPACK SOBRA REGISTRO - FIFO 2A FPLOG - EM DESCIDA  EXPORTAÇÃO REMESSA 899110056 - EM DESCIDA	SJP ME REMESSA 899099043 -PEND. TM SJP SEMI ACABADO 899115071 - PEND. BIPAR E DUPLO CHECK	SGC - EM DESCIDA AD. SGC 21/08 899143327 - PEND. BIPAR	PLTS PEND. ESTORNO	F1 LOGIC 899150299 - PEND. BAÚ	PEND. MAPEAR AD. REGISTRO 22/08  * REMESSA 899121802 PEND ESTORNO NO S4 * 01 NF COM PROBLEMA NA TM (CHAMADO ABERTO)	Sandy Santos
TURNO 2	22/08/2025	451	0	20	VARGINHA 22.08	SOBRA DE SGC - PEND SEPARAR F1 - PEND ESTORNO	ZERADO	SOBRA DE REGISTRO - PEND BIPAR EXPORTAÇÃO - PEND FATURAR 899110056 CPACK  VARGINHA - PEND SEPARAÇÃO	FIFO 2/3 SGC 22.08 - PEND CHECK E CRIAR REMESSA  VARGINHA 22.08 - EM DESCIDA	VARGINHA - EM SEPARAÇÃO	F1 - FIFO 4 CARGA PRONTA - PEND CRIAR REMESSA F1 - 2 FILEIRAS PEND ESTORNO	F1 - PEND ESTORNO	EXPORTAÇÃO E SJP - LISTA CRIADA PEND SOLICITAR REMESSA: 899158983 DO ITEM 71858 - PEND FATURAR SGC 23.08 PEND CRIAR LISTA - BOTICA SP  PEND CRIAR LISTA 23/08 PEND MAPEAR AD 22.08	Beatriz Suzart
TURNO 3	23/08/2025	348		9	AD. VARGINHA 22/08 - 11 PLTS  FP LOG - 899156933	AD. SGC 22/08 (899161797) - PENDT. BIPAR  PALETES P/ TRATAR E ARMAZENAR	DEDUTIVEL PAPEL - LEVAR PARA MP  DEDUTIVEL PAPEL - 09 PLTS PENDT SEPARAR	EXPORTAÇÃO ( 899110056) - PEND FATURAR (ETIQUETA AMARELA) Sist FIFO 01 EXPORTAÇÃO (899151358) -  EM SEPARAÇÃO (Sist FIFO2A)  CPACK	SOBRA VARGINHA 22/08 (899161757) - PENDT BIPAR  ADERÊNCIA DE REGISTRO 22/08 (899161866) - PENDT BIPAR + SOBRA DE REGISTRO 22/08  (899158539) - PENDT BIPAR	VAZIO	F1 - 3 FILEIRAS ESTORNADAS NO EXPEDE	F1 -  01 FILEIRA PENDT ESTORNO	LISTA DO DIA 23/08 - PENDENTE CRIAR REGISTRO E VARGINHA  ADERÊNCIA 22/08 - PENDENTE SEPARAR APENAS VARGINHA  F1 - NA AREA DO RECEBIMENTO + APOIO DO RECEBIMENTO	Nicolly Araujo
TURNO 1	23/08/2025	515		13	REGISTRO 1 PALETE DE EXPORTAÇÃO	SOBRA EXPORTAÇÃO  11 PALETES SGC 23/08 PALETES P/ TRATAR E ARMAZENAR		FP LOG   899156933 - PEND FATURAR EXPORTAÇÃO ( 899110056) - (899151358) - REALIZAR DUPLO CHECK SOBRA VARGINHA 899161757 - PEND. BIPAR  VARGINHA PEND CRIAR REMESSA	SGC- PEND. SEPARAR AD. SGC 899161797 PEND. BIPAR	VARGINHA PEND. SEPARAR REGISTRO- PEND. SEPARAR	F1- PEND. CRIAR REMESSA	F1- PEND ESTORNO	F1 - NA AREA DO RECEBIMENTO + APOIO DO RECEBIMENTO	Islani Marques
TURNO 2	23/08/2025	802	0	26	SGC 23.08 PARANÁ 23.08	PLTS DIVERGENTES PARANÁ 23.08 - PEND SEPARAR	ZERADO	FP LOG  899156933 - PEND FATURAR SOBRA DE REGISTRO - PEND BIPAR 899173643	SGC 23.08 - EM DESCIDA SGC 23.08 FIFO2/3 - PEND CRIAR REMESSA	SGC 23.08 - EM CARREGAMENTO	F1 - PEND ESTORNO	F1 - PEND ESTORNO	PEND MAPEAR AD 23.08 PEND MAPEAR BOTICA SP E SJP	Beatriz Suzart
TURNO 3	24/08/2025	128		4	BOTICA SP - 899155809	PLTS DIVERGENTES PLTS PARA ARMAZENAR  ADERÊNCIA DE VARGINHA 23/08 (899176913) - PENDT BIPAR	ZERADO	FP LOG  899156933 - PEND FATURAR CPACK	ADERÊNCIA SGC 23/08 (899177012) - PENDT BIPAR  ADERÊNCIA PARANÁ 23/08 (899176890) - PENDT BIPAR	SJP 26/08 (899155398) - PENDT SPLIT	F1 - PEND ESTORNO	F1 - PEND ESTORNO	PALETES DE F1 - NO RECEBIMENTO E NA AREA DE APOIO DO RECEBIMENTO  ADERÊNCIA DO DIA 23/ 08 - PENDENTE APENAS O AJUSTE DE DRP  LISTA DE SJP E BOTICA SP DO ODISSEIA -  CRIADA	Nicolly Araujo
TURNO 2	24/08/2025	209	0	5	ZERADA	PLTS DIVERGENTES PLTS PARA ARMAZENAR 2 PALETES MP REMESSA 899155347- PEND AJUSTAR QTD DA REMESSA  2 PALETES AD. VARGINHA		FP LOG 899156933 - PEND. FATURAR FP LOG 899111520/ 899112306- PEND SEPARAR  ADERÊNCIA SGC 23/08 (899177012) - PEND BIPAR	ADERÊNCIA PARANÁ 23/08 (899176890) - PEND BIPAR	SJP REMESSA 899155414(PEND. MULTI)- PEND CARREGAR PIZZATTO INFORMOU QUE NÃO TEM CARRETA DISPONIVEL NO MOMENTO	VAZIO	VAZIO	DESCENDO DEDUTIVEL DE PALPEL  DO GALPÃO NOVO.	Islani Marques
TURNO 1	25/08/2025	96		2	ZERADO	AD. VARGINHA 23/08(899176913)- PEND BIPAR 2 PALETES MP REMESSA 899155347- PEND AJUSTAR QTD DA REMESSA	DEVOLUÇÃO AGUARDANDO NF	FP LOG 899111520/899112306- FATURADA FP LOG 899156933- PEND FATURAR  C- PACK  ADERÊNCIA SGC 23/08 (899177012) - PEND BIPAR ADERÊNCIA PARANÁ 23/08 (899176890) - PEND BIPAR	VAZIO	VAZIO	F1- PEND ESTORNO	VAZIO	ATUAMOA NA AREA DE DIVERGENCIA  E CAMPO TRANSITORIO	Islani Marques
TURNO 2	25/08/2025	313	0	7	SGC REGISTRO	AD. VARGINHA 23/08 899176913- PEND BIPAR 2 PLTS MP REMESSA 899155347- PEND AJUSTAR QTD DA REMESSA 1 PLT DE DEVOLUÇÃO	VAZIO	FP LOG 899111520/899112306- AG. COLETA FP LOG 899156933- PEND. FATURAR C-PACK - PEND. COMPLETAR CARGA ADERÊNCIA PARANÁ 23/08 (899176890) - PEND BIPAR	SGC - EM CARREGAMENTO	SGC - EM CARREGAMENTO SGC - EM SEPARAÇÃO	F1 - PEND. CARREGAMENTO	F1 - 1 FILEIRA PEND. SEPARAR	PEND. CRIAR LISTA PARANÁ E VARGINHA ATUAÇÃO EM CAMPOS TRANSITÓRIOS	Ccarvalhosilva
TURNO 3	26/08/2025	240		8	REGISTRO 26/08 ADERÊNCIA SGC 26/08	AD. VARGINHA 23/08 899176913- PEND BIPAR  2 PLTS MP REMESSA 899155347- PEND AJUSTAR QTD DA REMESSA  1 PLT DE DEVOLUÇÃO 1 PALETE P/ TRANS	DEDUTIVEL - PENDT SEPARAR	FP LOG 899111520/899112306- AG. COLETA FP LOG 899156933- PEND. FATURAR C-PACK - PEND. COMPLETAR CARGA ADERÊNCIA PARANÁ 23/08 (899176890) - PEND BIPAR REGISTRO 26/08 -  EM DESCIDA	REGISTRO 26/08 -  EM DESCIDA ADERÊNCIA SGC 26/08 - EM DESCIDA / SEPARAÇÃO  ADERÊNCIA SGC 26/08 (899210602) - PENDT BIPAR (ETIQUETA AMARELA)	SOBRA SGC 26/08 (899209508) - PENDT. BIPAR  REGISTRO 26/08 (899210480) -  EM CARREGAMENTO	VAZIO	F1 - UMA CARGA (899210528)  - PENDT MOVIMENTAÇÃO DO BAÚ F1 - 25 PLT PALETES ESTORNADOS NO EXPEDE  F1 - 06 PALETES PENDENTE ESTORNAR	ITENS 55630, 88073 E 89946 APRESENTARAM VALOR LÍQUIDO LISTA DO DIA 26/08 - MAPEADA 100% ADERÊNCIA DE SGC 26/08 - SENDO TRABALHADA	Nicolly Araujo
TURNO 1	26/08/2025	401		14	ZERADA	AD. VARGINHA 23/08 899176913- PEND BIPAR 2 PLTS MP REMESSA 899155347- PEND AJUSTAR QTD DA REMESSA 1 PLT DE DEVOLUÇÃO	DEVOLUÇÃO PEND NF  DEDUTIVEL - PENDT SEPARAR	FP LOG 899111520/899112306- AG. COLETA  FP LOG 899156933- PEND. FATURAR  C-PACK - PEND. COMPLETAR CARGA PARANA 899215716 - PEND. TM  REGISTRO 899216230- PEND TM	vazio	PARANÁ- PEND. CRIAR REMESSA	F1 899217140-PEND. DUPLO CHECK E CARREGAR	F1- PEND CRIAR REMESSA		Islani Marques
TURNO 2	26/08/2025	646	0	22	REGISTRO EXPORTAÇÃO REMESSA 899216638	AD. VARGINHA 23.08 899176913- PEND BIPAR 2 PLTS MP REMESSA 899155347- PEND AJUSTAR QTD DA REMESSA 1 PLT DE DEVOLUÇÃO	DEVOLUÇÃO - COLETA AGENDADA P/ 27.08 ÀS 17H	FP LOG 899111520/899112306- AG. COLETA FP LOG 899156933- PEND. FATURAR C-PACK - PEND. COMPLETAR CARGA PARANA 899215716 - PEND. TM SGC - EM CARREGAMENTO	SOBRA SGC 27.08 REMESSA 899225833 - PEND. BIPAR REGISTRO - PEND. CRIAR REMESSA	SGC - EM CARREGAMENTO REGISTRO - EM DESCIDA	F1 - EM CARREGAMENTO	F1 - EM SEPARAÇÃO	PEND. CRIAR LISTA PARANÁ E VARGINHA ATUAÇÃO EM CAMPOS TRANSITÓRIOS	Ccarvalhosilva
TURNO 3	27/08/2025	197		6	ADERÊNCIA REGISTRO 27/08 VARGINHA 27/08	2 PLTS MP REMESSA 899155347- PEND AJUSTAR QTD DA REMESSA ADERÊNCIA DE REGISTRO 27/08 - EM DESCIDA  09 PLTS DE MP (899214730 / 899223376) - PENDT FATURAR	DEVOLUÇÃO - COLETA AGENDADA P/ 27.08 ÀS 17H	FP LOG 899111520/899112306- AG. COLETA  FP LOG 899156933- PEND. FATURAR  C-PACK - PEND. COMPLETAR CARGA VAGINHA 27/08 - PENDT BIPAR + ADERÊNCIA (899176913) - PENDT BIPAR	SOBRA SGC 27/08 (899225833) - PENDT BIPAR ADERÊNCIA SGC 27/08 - EM SEPARAÇÃO	VARGINNHA 27/08 - PENDENTE SEPARAR EXPORTAÇÃO (899216638) /Sist FIFO3A - PENDT SPLIT  EXPORTAÇÃO (899198136) / Sist FIFO3- PENDT SPLIT	F1 - 15 PALETES ESTORNADOS NO EXPEDE F1 - PALETES P/ ESTORNAR	VAZIO	LISTA DO DIA 27 - 100% CRIADA  ADERÊNCIA DO DIA 27/08 SGC E REGISTRO - EM ANDAMENTO	Nicolly Araujo
TURNO 1	27/08/2025	300		8	SJP REMESSA 899223355	2 PLTS MP REMESSA 899155347- PEND SPLIT 09 PLTS DE MP (899214730 / 899223376) - PEND SPLIT  PLT DIVERGENTE  03 CAIXAS PARA ENVIAR DE CARONA - CARGA SJP (ENVIAR PLACA PARA ANA OTA)	DEVOLUÇÃO - COLETA AGENDADA P/ 27.08 ÀS 17H	CPACK - PEND.  COMPLETAR CARGA  * FP LOG 899111520/899112306- AG. COLETA * FP LOG 899156933- PEND. FATURAR PARANÁ REMESSA 899236230 - PEND. TM	AD. REGISTRO 27/08 899235819 - PEND. TM (26 UC'S) SOBRA PARANÁ 11 UC'S  - PEND CRIAR REMESSA  (FIFO 2A)	EXPORTAÇÃO (899216638) /Sist FIFO3A - PEND. SOLICITAR PALLET PARA COMPLETAR CARGA EXPORTAÇÃO (899198136) / Sist FIFO3- PENDT SPLIT FPLOG 899112434 - PEND SEPARAR	F1 - LOGIC EM CARREGAMENTO  F1 - 47 UC'S FIFO 4A		PEND MAPEAR ADERÊNCIA VARGINHA 27/08 03 CAIXAS PARA ENVIAR DE CARONA - CARGA SJP (ENVIAR PLACA PARA ANA OTA/ ENG. DE PRODUTOS)	Sandy Santos
TURNO 2	27/08/2025	632	0	23	SGC REGISTRO	9 PLTS DE INVENTÁRIO 1 PLT DE DEVOLUÇÃO AD. PARANÁ 27.08 - PEND BIPAR	VAZIO	SGC - PEND. SPLIT REGISTRO - EM DESCIDA	SJP MP/ ME - FATURADO EXPORTAÇÃO - PEND. SPLIT SGC - EM SEPARAÇÃO	SGC - EM DESCIDA SGC - PEND. CARREGAMENTO	F1 - PEND. PICKING (S4)	F1 - PEND. ESTORNO	PEND. CRIAR LISTA PARANÁ E VARGINHA	Ccarvalhosilva
TURNO 3	28/08/2025	277		10	VARGINHA	1 PLT DE INVENTÁRIO AD. REGISTRO 27.08 - PEND BIPAR (899252082)	BANDEJAS - PEND CARREGAMENTO	SOBRA PARANÁ - PEND SEPARAR AD. REGISTRO 28.07 - EM SEPARAÇÃO (FIFO2A SISTÊMICO)	PARANÁ - PEND S4 (899252167)	PARANÁ - EM CARREGAMENTO VARGINHA - EM DESCIDA	F1 - 1 FILEIRA PEND ESTORNO	F1 - PEND. DESBLOQUEIO	ITEM 89446 COM ERRO DE CADASTRO	Santos Gisele
TURNO 1	28/08/2025	442		13	ZERADA	ADERENCIA DE REGISTRO 27/08 (899255332)- PEND. BIPAR MATERIAL DE MP - PEND. FATURAR	ZERADO	SOBRA DE PARANÁ- PEND. CRIAR REMESSA ADERENCIA DE REGISTRO 28/08(899252167)-  PEND. BIPAR	FP LOG - EM SEPARAÇÃO	VARGINHA (899258597)- PEND. CARREGAR  SOBRA DE VARGINHA - PEND. CRIAR REMESSA	F1 PEND. ESTORNO	F1- PEND. CARREGAR		Islani Marques
TURNO 2	28/08/2025	580	0	20	SGC REGISTRO SJP ME REMESSA 899252434	1 PLT DE DEVOLUÇÃO AD. PARANÁ 28.08 - EM SEPARAÇÃO (FIFO5A)	VAZIO	SGC - EM CARREGAMENTO SGC - EM SEPARAÇÃO  FP LOG - PEND. FATURAR	SJP MP/ ME - PEND. CARREGAMENTO	AD. VARGINHA 27.08 - PEND. BIPAR AD. VARGINHA 28.08 - PEND. SPLIT SGC - PEND. CARREGAMENTO	F1 - 3 FILAS PARA ESTORNAR	F1 - PEND. CARREGAMENTO	PEND. CRIAR LISTA VARGINHA	Ccarvalhosilva
TURNO 3	29/08/2025	256		8	PARANÁ AD. REGISTRO 29/08	1 PLT DE DEVOLUÇÃO AD. PARANÁ 28.08 - 899272714 (PEND BIPAR) PALETES PARA INSERIR AD. SGC 29/08 - PEND SEPARAR	BANDEJAS - PEND CARREGAMENTO	SOBRA DE REGISTRO - PEND BIPAR (899274326) SOBRA SGC - PEND SEPARAR	CARGA DE VARGINHA - PEND BIPAR  SOBRA DE VARGINHA - SEPARADA EM EXPEDE (ETIQUETA LARANJA) FPLOG - PEND FATURAR	VAZIO	F1 - 1 FILEIRA PEND ESTORNO	F1 - AGUARDANDO DESBLOQUEIO DA QUALIDADE	PEND. MAPEAR ADERÊNCIA DE VARGINHA ITENS 48315 E 89446 COM ERRO DE VALOR LÍQUIDO	Santos Gisele
TURNO 1	29/08/2025	389		11	EXPORTAÇÃO - REMESSA 899263048	1 PLT DE DEVOLUÇÃO AD. SGC 29/08 899279524 - PEND. BIPAR F1 ESTJ - PEND. ESTORNO	BANDEJAS - PEND CARREGAMENTO	CPACK CARGA REGISTRO 899274326 / 899279321 - PEND. CARREGAMENTO	SOBRA DE VARGINHA 29/08 899278829 - PEND. BIPAR  EXPORTAÇÃO REMESSA 899263048 - EM SEPARAÇÃO	FPLOG - PEND FATURAR	F1 LOGIC - PEND. CRIAR REMESSA (FIFO 4 - 48 UCS) 02 FILEIRAS PEND. ESTORNO	02 FILEIRAS ESTORNADAS/ SEPARADAS (FIFO 5)	DEVOLUÇÃO NOVA PÁGINA - COLETADA  PEND. MAPEAR ADERÊNCIA REGISTRO E VARGINHA  ATUAÇÃO ÁREA DE DIVERGÊNCIA	Sandy Santos
TURNO 2	29/08/2025	626	0	20	VARGINHA 30.08 ADER. PARANÁ 29.08 EXPORTAÇÃO	VAZIO	ADER. REGISTRO 29.08 - PEND. SPLIT ADER. SGC 29.08 - PEND. BIPAR 1 PLT DE DEVOLUÇÃO	FP LOG - PEND. FATURAR VARGINHA - PEND. CARREGAMENTO	EXPORTAÇÃO REMESSA 899263048 - FATURADO EXPORTAÇÃO REMESSA 899282172 - EM DESCIDA VARGINHA - PEND. CRIAR REMESSA (FIFO3)	VARGINHA - EM CARREGAMENTO VARGINHA - EM DESCIDA	F1 - 1 CARGA PRONTA F1 - 1 FILA P/ ESTORNAR	F1 - 1 CARGA PRONTA PEND. REMESSA	PEND. CRIAR LISTA SGC E REGISTRO 01.09 PEND. SOLICITAR ADER. SGC 29.08	Ccarvalhosilva
TURNO 3	30/08/2025	271		11	SGC 01.09 AD. PARANÁ 30.08	SOBRA DE EXPORTAÇÃO - 86001599 (PEND BIPAR) 2 PLTS AD. PARANÁ 30.08 - EM DESCIDA AD. REGISTRO 29.08 - PEND BIPAR (899290289) 1 PLT DE DEVOLUÇÃO	VAZIO	FP LOG - PEND. FATURAR AD. PARANÁ 29.08 - PEND BIPAR (899293882) CARGA DE SGC - PEND BIPAR	AD. SGC 29.08 - PEND BIPAR (899279524) AD. SGC 30.08 - PEND BIPAR (899294085) SGC 01.09 - EM DESCIDA	SOBRA DE VARGINHA - PEND BIPAR (899292871) AD. VARGINHA 30.08 - PEND SEPARAR	F1 - 1 CARGA PRONTA, PENDENTE CRIAR	F1 - PEND ESTORNO	PEND SOLICITAR RESTANTE SGC LISTA DE REGISTRO CRIADA, PEND SOLICITAR	Santos Gisele
TURNO 1	30/08/2025	381		11	SGC 01/09 AD. SGC 29/08 AD. PARANÁ 30/09 PALLETS ME SEPARAÇÃO/ NOVO GALPÃO	* SOBRA DE EXPORTAÇÃO - 86001599 (PEND BIPAR) * AD. REGISTRO 29.08 - PEND BIPAR (899290289) * 1 PLT DE DEVOLUÇÃO PLTS PARA INSERIR	PALLETS DO REJEITO PALETIZAÇÃO - PEND. INSERIR	* FP LOG - PEND. FATURAR * AD. PARANÁ 29.08 - PEND BIPAR (899293882) AD. PARANÁ 30/08 - EM DESCIDA SGC (899297488) - PEND TM	SGC - EM DESCIDA	SGC (899295170) - PEND. CARREGAMENTO	PALLETS PEND. ESTORNO	F1 LOGIC - PEND. FATURAR FIFO 4A	PALLETS DA SEPARAÇÃO/ NOVO GALPÃO EM DESCIDA, DEVIDO PROBLEMA NA ESTEIRA.	Sandy Santos
TURNO 3	31/08/2025	307		9	SOBRA DE REGISTRO 01/09 AD. SGC 01/09	SOBRA DE EXPORTAÇÃO - 86001599 (PEND BIPAR) AD. REGISTRO 29.08 - PEND BIPAR (899290289) 1 PLT DE DEVOLUÇÃO PLTS PARA INSERIR SOBRA DE REGISTRO - EM DESCIDA (1 PLT FILMADO)	PALLETS DO REJEITO PALETIZAÇÃO - PEND. INSERIR	FP LOG - PEND. FATURAR AD. PARANÁ 29.08 - PEND BIPAR (899293882) AD. PARANÁ 30/08 - PEND SPLIT (899305616)	REGISTRO (899309516) - PEND CARREGAR PALETES PARA INSERIR	SOBRA SGC (899304314) - PEND. BIPAR AD. SGC 29.08 (899302057) - PEND BIPAR AD. VARGINHA 29.08 (899303535) - PEND BIPAR SOBRA DE VARGINHA (899292871) - PEND BIPAR AD. VARGINHA 30.08 (899295554) - PEND BIPAR	F1 - PEND ESTORNO	F1 LOGIC - PEND. FATURAR FIFO 4A		Santos Gisele
TURNO 1	31/08/2025	300		9	ZERADO	SOBRA DE EXPORTAÇÃO - 86001599 (PEND BIPAR) 1 PLT DE DEVOLUÇÃO AD. REGISTRO 29.08 - PEND BIPAR (899290289)	ZERADO	AD PARANÁ 29/08 - 23 uc AD PARANÁ 29/08 - 3 uc AD PARANÁ 30/08 - 15 uc SOBRA DE REGISTRO - 01/09 FPLOG - PEND FATURAR	AD REGISTRO 01/09	SOBRA VARGINHA 30.08 AD VARGINHA 30/08 AD SGC 01/09	F1 - 2 FILEIRAS ESTORNADAS NO EXPEDE F1 - 1 CARGA PRONTA - PEND BAU	F1 FIFO4A - COM PROBLEMA NO FATURAMENTO	ATUAÇÃO NA AREA DE DIVERGENCIA  ATUAÇÃO NOS PALETES NO NOVO ARMEZÉM PARA O TRANS	Beatriz Suzart
TURNO 2	31/08/2025	124	0	2	ZERADO	UM PALETE TRATADO DE SEPARAÇÃO	ZERADO	FPLOG AD. PARANÁ 30/09 REMESSA 899309867 AD. PARANÁ 29.08 REMESSA 899293882	SOBRA DE REGISTRO 01.08 REMESSA 899310313 ADER. REGISTRO 29.08 REMESSA 899290289 AD REGISTRO 01.08 REMESSA 899312843	ZERADO	CARGA SEPARADA PENDENTE REMESSA NO FIFO4 DUAS FILAS  SEPARADAS NO FIFO5A	CARGA SEPARADA PENDENTE REMESSA NO FIFO4A		Rogerio Oliveira
TURNO 1	01/09/2025	O		0	ZERADO	CAIXAS DO GALPÃO  F1- PEND.ESTORNO	ZERADO	AD. PARANÁ 30/08 899309867- PEND. BIPAR  AD. PARANÁ 29/08 899303718- PEND BIPAR SOBRA EXPORTAÇÃO 86001599- PEND BIPAR  4 PALETES DE DEDUTIVEL SOLIDOS DIVERSOS	ADERENCIA REGISTRO E PARANA (899290289/899293882/899310313 /899312843) -PEND CARREGAR - PEND. S4	F1 FATURADA 899332279	F1 FATURADA 899331268- PEND BAÚ F1 FATURADA  89932882- EM CARREGAMENTO	F1- PEND ESTORNO F1 PEND CRIAR REMESSA		Islani Marques
TURNO 2	01/09/2025	359	0	10	SGC	SOBRA DE VARGINHA - PEND. SPLIT	VAZIO	SOBRA EXPORTAÇÃO REMESSA 86001599 -  PEND. BIPAR VARGINHA - PEND. CARREGAMENTO	VARGINHA - PEND. CARREGAMENTO	SGC - EM DESCIDA F1 - PEND. ESTORNO	F1 - 1 CARGA PRONTA PEND. CARREGAMENTO F1 - 2 FILAS PARA ESTORNAR	F1 - 2 CARGAS PRONTAS PEND. CARREGAMENTO	PEND. CRIAR LISTA DE REGISTRO PEND. MAPEAR ADERÊNCIA DE PARANÁ E VARGINHA	Ccarvalhosilva
TURNO 3	02/09/2025	288		8	ADERÊNCIA DE VARGINHA 02.09 ADERÊNCIA DE REGISTRO 02.09	SOBRA DE VARGINHA 02.09 (899348968) - PENDT BIPAR  SOBRA DE REGISTRO 02.09 (899349013) - PENDT BIPAR  CAIXAS P/ REUSO	ZERADO	ADERÊNCIA DE SGC 02.09 (899349188) - PENDT BIPAR  DEDUTÍVEL SOLIDO DIVERSOS  SOBRA DE EXPORTAÇÃO (86001599) - PENDT BIPAR  ADERÊNCIA DE PARANÁ 02.09 (899349203) - PENDT BIPAR	VAZIO	F1 - PALETES AGUARDANDO DESBLOQUEIO DA QUALIDADE	F1 - CARGA AGUARDANDO BAÚ - 899349100 F1 -  CARGA - CRIAR REMESSA	F1- CARGA AGUARDANDO BAÚ -899347831 F1- CARGA AGUARDANDO BAÚ - 899341858	ADERÊNCIA 02.09 DE SGC E PARANÁ MAPEADA E REALIZADA  ADERÊNCIA 02.09 DE REGISTRO E VARGINHA - EM DESCIDA  REALIZAR O INVENTARIO DOS ITENS 86983 E 48290 DE LOTE BZ237	Nicolly Araujo
TURNO 1	02/09/2025	306		10	DEDUTIVEL DE VIDRO	* SOBRA DE VARGINHA 02.09 (899348968) - PENDT BIPAR * SOBRA DE REGISTRO 02.09 (899349013) - PENDT BIPAR * CAIXAS P/ REUSO		* ADERÊNCIA DE SGC 02.09 (899349188) - PENDT BIPAR * DEDUTÍVEL SOLIDO DIVERSOS * SOBRA DE EXPORTAÇÃO (86001599) - PENDT BIPAR * ADERÊNCIA DE PARANÁ 02.09 (899349203) - PENDT BIPAR *ADERÊNCIA DE REGITRO 02.09 (899355815)- PENDT BIPAR  * DEDUTIVEL DE VIDRO- PEND. SEPARAR	*ADERÊNCIA DE VARGINHA  02.09 (899356307)- PENDT BIPAR  * MATERIAL DE DEVOLUÇÃO- PENDT INVETARIAR	F1- PEND ESTORNO  F1 FATURADO - PEND BAÚ  F1 FATURADO - PEND BAÚ	F1 FATURADO - PEND BAÚ  F1  - PED CRIAR  REMESSA	F1 FATURADO - PEND BAÚ  F1 FATURADO - PEND BAÚ	AMANHÃ TEREMOS CARREGAMENTO DE DEDUTIVEL DE SOLIDOS DIVERSOS E VIDRO	Islani Marques
TURNO 2	02/09/2025	589	0	19	VARGINHA SGC	ADER. REGISTRO 02.09 REMESSA 899355815 - PEND BIPAR SOBRA REGISTRO 02.09 REMESSA 899349013 - PEND. BIPAR PLTS PARA AJUSTE - PEND. DESBLOQUEIO  1 PLT DE DEVOLUÇÃO	VAZIO	FP LOG - FATURADO PEND. COLETA ADER. PARANÁ 02.09 REMESSA 899349203 - PEND. BIPAR SOBRA EXPORTAÇÃO REMESSA 86001599 - PEND. BIPAR DEDUTIVEL VIDRO E SÓLIDOS DIVERSOS - SEPARADO	SGC - PEND. CARREGAMENTO SGC - EM SEPARAÇÃO	VARGINHA - EM SEPARAÇÃO F1 - PEND. ESTORNO	1 CARGA PRONTA - PEND. BAÚ PARA CARREGAMENTO 2 FILAS ESTORNADAS E SEPARADAS (FIFO5)	2 CARGAS PRONTAS - PEND. BAÚ PARA CARREGAMENTO	PEND. CRIAR LISTA DE PARANÁ E REGISTRO	Ccarvalhosilva
TURNO 3	03/09/2025	265		8	REGISTRO 03/09  DEDUTIVEL SOLIDOS DIVERSOS	PLTS PARA AJUSTE - PEND. DESBLOQUEIO 1 PLT DE DEVOLUÇÃO ADERÊNCIA REGISTRO 02/09 ( 899355815) - PENDT BIPAR  SOBRA REGISTRO 02/09 ( 899349013) - PENDT BIPAR  PALETES P/ O TRANS	VAZIO	FP LOG - FATURADO PEND. COLETA DEDUTIVEL VIDRO E SÓLIDOS DIVERSOS - SEPARADO SOBRA EXPORTAÇÃO REMESSA 86001599 - PEND. BIPAR ADER. PARANÁ 02.09 REMESSA 899349203 - PEND. BIPAR	VARGINHA 03/09 (899371565 / 899371601/ 899371621)  - PENDT TM	REGISTRO 03/09 - EM DESCIDA  REGISTRO 03/09 (899371653) - PENDENTE BIPAR	F1 - AGUARDANDO BAÚ (899371223) - ETIQUETA BRANCA  F1 - AGUARDANDO BAÚ (899351854) - ETIQUETA AMARELA F1 - 07 PLTS P/ ESTORNAR	F1 - AGUARDANDO BAÚ (899347831) - ETIQUETA BRANCA  F1 - AGUARDANDO BAÚ (899365788) - ETIQUETA LARANJA	CRIAR LISTA DE EXPORTAÇÃO  PENDENTE SOLICITAR APENAS PARANÁ 03/09 LISTA DE FP LOG 03/09 - MAPEADA  ADERÊNCIA DE VARGINHA E SGC - REALIZADA	Nicolly Araujo
TURNO 1	03/09/2025	307		9	EXPORTAÇÃO - REMESSA 899358972 AD. REGISTRO 03/09	* F1 - PALLETS PEND. ESTORNO * PLTS DEVOLUÇÃO - PEND. DESBLOQUEIO * PLT DE DEVOLUÇÃO	VAZIO	* DEDUTIVEL VIDRO  - SEPARADO * CPACK * SOBRA EXPORTAÇÃO REMESSA 86001599 - PEND. BIPAR (ENVIAR COM A CARGA EM DESCIDA) * AD. REGISTRO 03/09 - EM DESCIDA	* SOBRA REGISTRO (899377050) - PEND. BIPAR * ADERÊNCIA REGISTRO 02/09 ( 899355815) - PENDT BIPAR * SOBRA REGISTRO 02/09 ( 899349013) - PENDT BIPAR * EXPORTAÇÃO 899358972 - EM DESCIDA	* ADER. PARANÁ 02.09 REMESSA 899349203 - PEND. BIPAR * SOBRA PARANÁ 03/09 899380118 - PEND. BIPAR  PARANÁ 899379444 - PEND. BIPAR	F1 - PEND. CRIAR REMESSA/ DESBLOQUEIO (FIFO 4 - 48 UCS) F1 - LOGIC 899347831 - AG. BAÚ	F1 - PLTS PEND. ESTORNO	AGENDADO CARREGAMENTO DEDUTÍVEL VIDRO 04/09 - 40 PLTS PEND. MAPEAR AD. PARANÁ PEND. SOLICITAR FPLOG LOGIC 899365788 - CARREGADA NO BAÚ PIZZATTO SEG6F35 (DOCA 11) PLT A/C DE GRAZIEL E JULYANA NA ÁREA DE DIVERGÊNCIA	Sandy Santos
TURNO 2	03/09/2025	229	536	7	REGISTRO	PLTS PARA DEVOLUÇÃO - AG. NF  F1 - PEND. ESTORNO 1 PLT PARA ENVIO PARA SGC	VAZIO	FP LOG - PEND. SEPARAR (ETIQ. AMARELA) DEDUTÍVEL VIDRO - PEND. FINALIZAR SEPARAÇÃO (9 PLTS) REGISTRO - PEND. SEPARAR (ETIQ. LARANJA)	REGISTRO - PEND. SPLIT	REGISTRO - EM DESCIDA ADER. PARANÁ 03.09 REMESSA 899392637 - PEND. BIPAR ADER. PARANÁ 02.09 REMESSA 899349203 - PEND. BIPAR SOBRA PARANÁ 03.09 REMESSA 899380118 - PEND. BIPAR	F1 - 1 CARGA PRONTA (PEND. PICKING) F1 - 2 FILEIRAS SEPARADAS (FIFO4A)	F1 - 1 CARGA PRONTA AG. BAÚ PARA CARREGAMENTO	1 CARGA F1 CARREGADA NO VEÍCULO DA PIZZATTO  PLTS DE REJEITO P/ ARMAZENAR NA ÁREA DE DIVERGÊNCIA PEND. CRIAR LISTA VARGINHA, PARANÁ E SGC 04.09	Ccarvalhosilva
TURNO 3	04/09/2025	306		9	ADERÊNCIA DE REGISTRO 04/09 VARGINHA 04/09	PLTS PARA DEVOLUÇÃO - AG. NF 1 PLT PARA ENVIO PARA SGC ADERÊNCIA DE REGISTRO 04/09 - EM DECIDA / SEPARAÇÃO	VAZIO	FP LOG - SEPARADO EM BUFFER (ETIQ. AMARELA) DEDUTÍVEL VIDRO - PEND. FINALIZAR SEPARAÇÃO (9 PLTS) VARGINHA (899397308) - EM CARREGAMENTO	SOBRA DE PARANÁ 04/09 (899397456) -  PENDET BIPAR	ADERÊNCIA DE REGISTRO 04/09 (899397380) - PENDT BIPAR SOBRA DE REGISTRO 04/09 (899396647) - PENDT BIPAR VARGINHA EM DESCIDA	F1- AGUARDANDO BAÚ (899397214) F1 - PALETE P/ ESTORNAR	F1- AGUARDANDO BAÚ (899396540) F1 -  48 PALETES AGUARDANDO DESBLOQUEIO DA QUALIDADE (Sist: FIFO5)	1 CARGA F1 CARREGADA NO VEÍCULO DA PIZZATTO PENDENTE CRIAR A LISTA DO DIA 05/09 ADERÊNCIA DE REGISTRO 04/09 - EM ATUAÇÃO  02 NFS - LENTIDÃO PARA  SUBIR NOTA DE PRODUTO  PENDENTE MAPEAR ADERÊNCIA PARANÁ 04/09  08 PALETES DE F1  NO PISO DO RECEBIMENTO	Nicolly Araujo
TURNO 1	04/09/2025	248		7	DEVOLUÇÃO  SGC	PLTS PARA DEVOLUÇÃO - AG. NF SOBRA DE VARGINHA 899401971- PEND BIPAR ADERÊNCIA DE REGISTRO 04/09 - EM DECIDA / SEPARAÇÃO F1 - PEND. ESTORNO	DEVOLUÇÃO - EM DESCIDA	FP LOG - SEPARADO EM BUFFER (ETIQ. AMARELA) 1 PLT DE DEDUTIVEL DE VIDRO 1 PALETE C-PACK SGC- PEND CRIAR REMESSA	REGISTRO/ PARANÁ- PEND CARREGAR	SGC- EM  DESCIDA	F1 FATURADA - EM CARREGAMENTO  F1- PEND CRIAR REMESSA	F1 FATURADA- PEND BAÚ F1 FATURADA- PEND BAÚ F1- 9 PLT PEND ESTORNO	DEVOLUÇÃO EM DESCIDA PEND INVENTARIAR E SOLICITAR DESBLOQUEIO. PENDENTE CRIAR LISTA DIA 05/09 SOLICITA ADERENCIA PARANÁ E VARGINHA 04/09	Islani Marques
TURNO 2	04/09/2025	376	195	11	SGC VARGINHA DEVOLUÇÃO	ADER. PARANÁ 04.09 REMESSA 899413936 - PEND. BIPAR 2 PLTS P/ TESTE F1 - PEND. SEPARAÇÃO	VAZIO	DEVOLUÇÃO ITEM 420643.00 - AG. NF SOBRA DE VARGINHA 04.09 REMESSA 899401971 - PEND. BIPAR ADER. VARGINHA 04.09 REMESSA 899417911 - PEND. BIPAR REGISTRO - EM DESCIDA	SOBRA DE SGC - EM DESCIDA SGC - PEND. SPLIT	SGC - PEND.  SPLIT	F1 - 1 C ARGA PRONTA PEND. CARREGAMENTO F1 - 3 FILEIRAS SEPARADAS (FIFO4)  E 5 PLTS PEND. ESTORNO	F1 - SEPARADO (FIFO4)	PEND. SOLICITAR DEVOLUÇÃO ITEM 434095.00 PEND. SOLICITAR FP LOG 04.09	Ccarvalhosilva
TURNO 3	05/09/2025	207		6	ADERÊNCIA SGC 05/09  ADERÊNCIA VARGINHA 04/09 - 04 PLTS	ADER. PARANÁ 04.09 REMESSA 899413936 - PEND. BIPAR 2 PLTS P/ TESTE	VAZIO	DEVOLUÇÃO ITEM 420643.00 - AG. NF DEVOLUÇÃO APTAR - AGUARDANDO DESBLOQUEIO  DEVOLUÇÃO AMERICA - AGUARDANDO DESBLOQUEIO SOBRA DE VARGINHA 04.09 REMESSA 899401971 - PEND. BIPAR ADER. VARGINHA 04.09 REMESSA 899417911 - PEND. BIPAR FP LOG 04/09 - SEPARADA SOBRA DE SGC 05/09 (899426400) - PENDT BIPAR	VAZIO	ADERÊNCIA SGC 04/09 (899428596) - PENDT BIPAR	F1 - AGUARDANDO DESBLOQUEIO DA QUALIDADE (Sist: FIFO 4) F1 - CARGA PENDENTE PICKING - (899428370)	F1 - UMA CARGA AGUARDANDO BAÚ (899427460)	DEVOLUÇÃO APTAR / AMERICA - AGUARDANDO APENAS DEBLOQUEIO DA QUALIDADE  LISTA DE SJP 06/09 - CRIADA  PENDENTE CRIAR A LISTA DE BOTICA SP  F1 - CARREGADA NO BAÚ DA PIZZATTO	Nicolly Araujo
TURNO 1	05/09/2025	253		5		* ADER. PARANÁ 04.09 REMESSA 899413936 - PEND. BIPAR * 2 PLTS P/ TESTE 14 PALETES DE F1 - ESTORNODO		DEVOLUÇÃO ITEM 420643.00 - AG. NF DEVOLUÇÃO APTAR - AGUARDANDO DESBLOQUEIO DEVOLUÇÃO AMERICA - AGUARDANDO DESBLOQUEIO SOBRA DE VARGINHA 04.09 REMESSA 899401971 - PEND. BIPAR ADER. VARGINHA 04.09 REMESSA 899417911 - PEND. BIPAR	DEDUTIVEL DE PLASTICO - 26 PLTS SEPARADOS PEND ENVIAR PARA MP DEDUTIVEL DE PLASTICO EM DESCIDA	BOTICA SP 899390912- PEND SPLIT	F1  CARGA PENDENTE PICKING - (899428370) F1 899446214 - PEND BAU	F1 - 1FILA PEND ESTORNO		Islani Marques
TURNO 2	05/09/2025	193	547	7	REGISTRO	SOBRA DE VARGINHA 06/09 REMESSA 899458452 - PEND. BIPAR SOBRA DE PARANÁ 06/09 REMESSA 899460456 - PEND. SPLIT 2 PLTS PARA TESTE	VAZIO	DEVOLUÇÃO ITEM 420643.00 - AG. COLETA DEVOLUÇÃO APTAR - AG. COLETA DEDUTÍVEL PLÁSTICO SEPARADO - PEND. MOVIMENTAR P/ MP REGISTRO - EM SEPARAÇÃO	REGISTRO - PEND. SPLIT	PARANÁ - EM CARREGAMENTO	F1 - 2 FILEIRAS ESTORNADAS E 1 PEND. ESTORNO	F1 - 1 CARGA PRONTA PEND. REMESSA	LISTA CRIADA 06/09 ADER. VARGINHA 06/09 - PEND. SOLICITAR SJP MP - PEND. INVENTARIAR E FATURAR	Ccarvalhosilva
TURNO 3	06/09/2025	329		8	SJP ME AD VARGINHA 06/09	SOBRA DE VARGINHA 06/09 REMESSA 899458452 - PEND. BIPAR SOBRA DE PARANÁ 06/09 REMESSA 899460456 - PEND. BIPAR 2 PLTS PARA TESTE PLTS PENDENTES ESTORNO  1 PLT PARA INSERIR  SJP MP (899415161) - PENDENTE FATURAR	VAZIO	DEVOLUÇÃO ITEM 420643.00 - AG. COLETA DEVOLUÇÃO APTAR - AG. COLETA DEDUTÍVEL PLÁSTICO SEPARADO - PEND. MOVIMENTAR P/ MP	AD REGISTRO 06/09 - EM SEPARAÇÃO: FIFO SISTÊMICO 1 (FIFO1/2)	SOBRA DE SGC - EM SEPARAÇÃO	F1 - 1 CARGA PRONTA AGUARDANDO BAU F1 - 2 FILEIRAS PENDENTE ESTORNO	F1 - PENDENTE DUPLO CHECK E CRIAR REMESSA (FIFO SISTÊMICO 4)	AD PARANÁ 06/09 - PENDENTE SOLICITAR LISTA DE VARGINHA 08/09 - PENDENTE SOLICITAR  PENDENTE MAPEAR EXPORTAÇÃO SJP	Bezerra Josefa
TURNO 1	06/09/2025	244		5	AD. PARANÁ  06/09	* SOBRA DE VARGINHA 06/09 REMESSA 899458452 - PEND. BIPAR * SOBRA DE PARANÁ 06/09 REMESSA 899460456 - PEND. BIPAR * 2 PLTS PARA TESTE * PLTS PENDENTES ESTORNO * 1 PLT FILME FP LOG- AGUARDANDO REMESSA  * SJP MP (899415161) - PENDENTE FATURA		* DEVOLUÇÃO ITEM 420643.00 - AG. COLETA * DEVOLUÇÃO APTAR - AG. COLETA *ADERENCI DE REGISTRO 899469192- PEND. CARREGAR	VARGINHA- EM SEPARAÇÃO  SOBRA DE VARGINHA - PEND SEPARAR	SJP 899390575- PEND SPLIT SOBRA SGC 899468013- PEND BIPAR  AD. VARGINHA 06/09 -PEND. CRIAR REMESSA	F1 899468751- PEND REMONTAR F1- PEND ESTORNO	F1 899465976- EM CARREGAMENTO	PENDENTE  CRIAR LISTA DE EXPORTAÇÃO	Islani Marques
TURNO 3	07/09/2025	169		4	ZERADO	2 PLTS PARA TESTE AD. SGC 06/09 (899490530) - PEND SPLIT + DUPLO CHECK	VAZIO	DEVOLUÇÃO ITEM 420643.00 - AG. COLETA DEVOLUÇÃO APTAR - AG. COLETA PALETES DE OCUPAÇÃO	VAZIO	VAZIO	F1 - AGUARDANDO BAÚ (899479774)	F1 - AGUARDANDO BAÚ (899490147)	LISTA DE REMESSA 899456746 - SJP CRIADA, PEND SOLICITAR ADERÊNCIA PENDENTE AJUSTE DRP	Santos Gisele
TURNO 1	08/09/2025	26		9	DEDUTIVEL DE PA NÃO INFLAMAVEL  PALETE PARA DESMOBILIZAÇÃO DO TRANS  ODISSEIA SJP  899456746	2 PLTS PARA TESTE AD. SGC 06/09 (899490530) - PEND. BIPAR	ZERADO	DEVOLUÇÃO ITEM 420643.00 - AG. COLETA FP LOG- AGUARDANDO REMESSA  PALETES PARA  DESMOBILIZAÇÃO - SENDO ENVIADO PARA MP	DEDUTIVEL PA NÃO INFLAMAVEL - EM DESCIDA  DEDUTIVEL DE PLASTICO - SEPARADO	ODISSEIA SJP  - 899456746	F1- PEND CRIAR REMESSA	VAZIO	DEDUTIVEL DE PA NÃO INFLAMAVEL  QUE ESTA NO PISO COM IDENTIFICAÇÃO JÁ ESTA SEPARDO. TAD REALIZADO	Islani Marques
TURNO 2	08/09/2025	159	414	5	SGC REGISTRO	2 PLTS PARA TESTE	VAZIO	DEVOLUÇÃO ITEM 420643.00 - AG. COLETA FP LOG - AG. REMESSA PALETES PARA  DESMOBILIZAÇÃO - MOVIMENTAR PARA MP SGC - EM DESCIDA	DEDUTIVEL PA NÃO INFLAMAVEL - EM SEPARAÇÃO DEDUTIVEL DE PLASTICO - SEPARADO	FP LOG - PEND. SEPARAR SGC - PEND. CRIAR REMESSA	F1 - EM CARREGAMENTO	F1 - PEND. SEPARAR	PEND. CRIAR LISTA DE PARANÁ E VARGINHA PEND. CRIAR LISTA DE EXPORTAÇÃO 49 PALETES MOVIMENTADOS PARA MP	Ccarvalhosilva
TURNO 3	09/09/2025	231		6	ADERÊNCIA DE SGC 09.09 PARANÁ 09.09	2 PLTS PARA TESTE SOBRA DE REGISTRO 09.09 (899541903) - PENDENTE BIPAR  SOBRA DE SGC 09.09 (899541928) -  PENDENTE BIPAR	SJP (899456761) - EM DESCIDA	DEVOLUÇÃO ITEM 420643.00 - AG. COLETA FP LOG - AG. REMESSA  PALETES PARA  DESMOBILIZAÇÃO - MOVIMENTAR PARA MP VARGINHA (899542257) - EM CARREGAMENTO	DEDUTIVEL PA NÃO INFLAMAVEL - SEPARADO (MOVIMENTAR PARA MP)  FP LOG - SEPARADO (PENDENTE FATURAR)	SOBRA DE VARGINHA (899542567) - PENDENT BIPAR  AD. REGISTRO 09.09 - PENDENTE CRIAR REMESSA	F1 - AGUARDANDO DESBLOQUEIO DA QUALIDADE	F1 - 12 PALETES PARA ESTORNAR  F1 - 24 PALETES ESTORNADOS	LISTA DE SJP -CRIADA -  NAS DUAS REMESSAS O MATERIAL SE ENCONTRA NO GALPÃO NOVO   PENDENTE MAPEAR ADERÊNCIA DE VARGINHA 09.09 PEND. CRIAR LISTA DE EXPORTAÇÃO	Nicolly Araujo
TURNO 1	09/09/2025	329		11	EXPORTAÇÃO - REMESSA 899524449	SOBRA PARANÁ 899550089 - PEND. BIPAR  2 PLTS PARA TESTE SOBRA DE SGC 09.09 (899541928) -  PENDENTE BIPAR	DEVOLUÇÃO - AG. NF	DEVOLUÇÃO ITEM 420643.00 - AG. COLETA 10 PALETES PARA  DESMOBILIZAÇÃO - MOVIMENTAR PARA MP SOBRA DE REGISTRO 09.09 (899541903) - PENDENTE BIPAR AD. REGISTRO 09/09 899547493 - PEND. BIPAR	* DEDUTIVEL PA NÃO INFLAMAVEL - SEPARADO (MOVIMENTAR PARA MP) * FP LOG - SEPARADO (PENDENTE FATURAR)	AD. VARGINHA 09/09 899548579 - PEND. BIPAR  SOBRA VARGINHA 09/09 899542567 - PEND BIPAR AD. SGC 09/09 899547493 - PEND BIPAR AD. PARANÁ 09/09 - PEND. CRIAR REMESSA  PLTS PARA ARMAZENAR	F1 - 01 CARGA NO EXPEDE PLTS PEND. ESTORNO	F1 - AG. DESBLOQUEIO QUALIDADE (FIFO 5)	LISTA SJP CRIADA - PEND. SOLICITAR 50 PALLETS DE DESMOBILIZAÇÃO ENVIADO PARA MP	Sandy Santos
TURNO 2	09/09/2025	267	566	7	SGC 10.09 AD VARGINHA 09.09	DEDUTIVEL - PA NÃO INFLAMAVEL PEND MOVIMENTAR PRA MP SJP MP - PEND FATURAR AD PARANÁ PEND BIPAR - 899567691	ZERADO	DEDUTIVEL - PEND MOVIMENTAR PRA MP  DESCONTINUADO - PEND MOVIMENTAR PRA MP  SOBRA DE EXPORTAÇÃO (899524449)	SGC - PEND CRIAR REMESSA	SGC - PEND CARREGAMENTO  SOBRA E AD VARGINHA 09.09 - PEND BIPAR  SGC - EM SEPARAÇÃO	F1 - 3 FILEIRAS ESTORNADA NO FIFO5A - 35PALETES F1 - 1 FILEIRA PEND. ESTORNO	F1 - CARGA PRONTA PEND CARREGAMENTO 899575354	PEND CRIAR LISTA DE VARGINHA, PARANÁ E REGISTRO 10.09 PEND SOLICITAR AD SGC 09.09	Beatriz Suzart
TURNO 3	10/09/2025	278		8	VARGINHA 10.09 SJP - 899549351 PALETES DE DESMOBILIZAÇÃO - PARA O GALPÃO NOVO FP LOG - (899518762  / 899518600 )	PALETES PARA O TRANS  DEDUTIVEL PARA MP  02 PALETES PARA TESTE	VAZIO	SOBRA DE EXPORTAÇÃO (899524449) - PENDENTE SPLIT  DEDUTIVEL - PEND MOVIMENTAR PRA MP DEVOLUÇÃO ITEM 420643.00 - AG. COLETA PALETES QUE DERAL LUP NO TRANS  PARA TRATAR E ARMAZENAR	SGC (899584921) - EM CARREGAMENTO  VARGINHA (899585288) 10.09 - PENDENTE BIPAR	VARGINHA (899585021) - PENDENTE CARREGAR / TM  AD. VARGINHA 09/09 899548579 - PEND. BIPAR SOBRA VARGINHA 09/09 899542567 - PEND BIPAR ADERÊNCIA VARGINHA 08/09 (899584978) - PEND BIPAR	F1 - PALETES PARA ESTONAR	F1 - 48 PALETES - AGUARDANDO DESBLOQUEIO DA QUALIDADE / CHECK	LISTA 10.09 - 100% CRIADA  PENDENTE MAPEAR ADERÊNCIA DE SGC 10.09  PENDENTE CRIAR LISTA DE FP LOG E 60 PALETES P/ SJP	Nicolly Araujo
TURNO 1	10/09/2025	317		10	REGISTRO	02 PALETES PARA TESTE AD. PARANÁ 09/09 REMESSA 899567691- PEND BIPAR AD. VARGINHA 899584978- PEND BIPAR (AOS CUIDADO DE NICOLY)	BANDEJA APTAR EM DESCIDA	1 PALETE DE FILME PARA FP LOG- AGUARDANDO REMESSA  SJP  899549351(ESTA ENTRE FIFO 1 E 2)- EM SEPARAÇÃO  SOBRA DE EXPORTAÇÃO (899524449) - PENDENTE SPLIT DEVOLUÇÃO AGUARDANDO NF  SOBRA VARGINHA 10/09- FALTA SEPARAR 4 PALETES PALETES PARA O TRANS	PARANÁ- EM SEPARAÇÃO	FP LOG (899518762  / 899518600) - FALTA SEPARAR 3 PALETES VARGINHA-  PEND TM	F1-PEND. ESTORNO		LISTA DE FP LOG CRIADA  LISTA DE ODISSEIA REMESSA  899570805	Islani Marques
TURNO 3	11/09/2025	171		6	1 PALETE AD DE VARGINHA 10.09 PARANÁ 11.09 SGC 11.09	FPLOG AGUARDANDO COLETA PALETES TESTE PALETES PARA ARMAZENAR	ZERADO	AD. SGC 10/09- 899616109 - PENDENTE BIPAR AD VARGINHA 10/09 - PENDENTE SEPARAR AD PARANÁ 10.09 - 899616119 - PENDENTE BIPAR SJP - PENDENTE BIPAR - 899549882 DEVOLUÇÃO	PARANÁ - EM DESCIDA AD REGISTRO 10.09 - 899616398 - PENDENTE BIPAR	SJP - PENDENTE SEPARAR - 899549842	ZERADO	F1 - AGUARDANDO DESBLOQUEIO - FIFO SISTÊMICO 5	TODAS AS LISTAS DO DIA 11.09 CRIADAS PENDENTE SOLICITAR AD DE SGC E PARANÁ DO DIA 10.09 PENDENTE MAPEAR ADERÊNCIA DE REGISTRO 10.09	Bezerra Josefa
TURNO 1	11/09/2025	226		6	REGISTRO  PALETES DE DESMOBILIZAÇÃO  AD. REGISTRO 10/09	PALETES TESTE AD VARGINHA 10/09 899625164- PEND. BIPAR AD DE PARANA 10/09 899625530- PEND. BIPAR 3 PALETES SOBRA DE PARANA 899624815		SGC  899616109/ 899607620/ 899623922 - PEND. TM  DEVOLUÇÃO 1 PALETE COM FILME PARA FP LOG - AGUARDANDO CRIAR REMESSA	REGISTRO - EM DESCIDA	REGISTRO - PEND. SEPARAR 1 PLT DE AD.SGC 10/09 899624980- PEND BIPAR SOBRA DE SGC- PEND. CRIAR REMESSA	F1 - PEND ESTORNO	F1 - PEND ESTORNO	PALETE DE MP DEMANDA URGENTE ODISSEIA  SJP 899602628- CARREGANDO NA DOCA 018.  Motorista: Nadson Denys Oliveira Martins CPF: 05849849521 Placa: OME1J80 MAPEAR ADERENCIA DE PARANÁ 11/09	Islani Marques
TURNO 2	11/09/2025	380	675	14	Botica SP desmobilização (899631118) SGC Mapa 11.09 SJP remessa 899549924	AD Paraná 10.09 pendente bipar  Sobra Paraná 11.09 pendente bipar Sobra Varginha 11.09 pendente separar		Botica SP em separação (899631118) Varginha em carregamento	SGC pendente criar remessa	SGC pendente split	F1/pendente criar remessa (sistêmico FIFO 4) 1 fileira Pendente separar 3 paletes Pendente estorno		Pendente criar lista dia 12.09 Pendente solicitar aderência de Paraná e Registro 11.09 Pendente mapear aderência Varginha e SGC Foram solicitados 30 paletes de Botica SP (Desmobilização)	Alana Lopes
TURNO 3	12/09/2025	247		7	SGC 11.09 ADERÊNCIA DE VARGINHA 11.09 SJP -  899549985 DESMOBILIZAÇÃO BOTICA SP -899632173	AD PARANÁ 10.09 (899625530) - PENDENTE BIPAR SOBRA PARANÁ 11.09 (899624815) - PENDENTE BIPAR  2 PALETES DE TESTE	VAZIO	SJP (899570805) - EM SEPARAÇÃO AD. REGISTRO 11.09 (899641331) - PENDENTE BIPAR	SOBRA DE VARGINHA 11.09 (899640961) - PENDENTE BIPAR SJP (899549924) - PEND CARREGAR	ADERÊNCIA SGC 11.09 - EM DESCIDA/EM SEPARAÇÃO	F1 - 2 FILEIRAS ESTORNADAS E SEPRADA NO FIFO 4	F1 - AGUARDANDO BAÚ (899641133)	EXPORTAÇÃO DO DIA 11 E 12/09 - CRIADAS PENDENTES SEPARAR  LISTA DO DIA 12/09 - CRIAR REGISTRO E FINALIZAR PARANÁ	Nicolly Araujo
TURNO 1	12/09/2025	119		5	PALETE PARA DESMOBILIZAÇÃO FP LOG 899518793/ 899518806 EXPORTAÇÃO 899596208 20 PLTS DE DEDUTIVEL DE PAPEL	AD. PARANÁ 899625530 10/09- PEND BIPAR  SOBRA PARANÁ 899624815 11/09- PEND. BIPAR	SJP 890632173- PEND SEPARAR	SOBRA REGISTRO 11/09 899631002- PEND. BIPAR  AD. REGISTRO 11/09 899641331- PEND. BIPAR  AD. REGISTRO 10/09 899631806- PEND. BIPAR 1 PLT DE FILME PARA FP LOG- AGUARDANDO REMESSA	SOBRA VARGINHA 11/09 899604961, AD. VARGINHA 11/09 899649888- PEND. BIPAR	EXPORTAÇÃO 899596208- EM DESCIDA/ EM SEPARAÇÃO	F1 - PEND CRIAR REMESSA	F1- 3 FILAS ESTORNADAS (FIFO 4A) ITEM 86172 ESTJ MALBEC NAT/25 BZ255A/ COM ETIQUETA DE REPROVAÇÃO SUBIR MATERIAL PARA O TRANS	ITEM 86172 ESTJ MALBEC NAT/25 BZ255A ESTA EM INVESTIGAÇÃO DA QUALIDADE  TODAS AS LISTA REFERENTE AO MAPA 12/09 CRIADAS  SOLICITADO 30 PALETES DE DESMOBILIÇÃO PARA  NOVO GALPÃO  1 CARGA DE DESMOBILIZAÇÃO PARA BOTICA SP  ENVIADA.	Islani Marques
TURNO 2	12/09/2025	265	587	9	REGISTRO DESMOBILIZAÇÃO BOTICA SP	AD. PARANÁ 899625530 10/09- PEND BIPAR SOBRA PARANÁ 899624815 11/09- PEND. BIPAR	SJP - PEND. CARREGAMENTO	SOBRA DE VARGINHA - PEND. SEPARAR REGISTRO - EM DESCIDA	BOTICA SP REMESSA 899633393 - EM SEPARAÇÃO VARGINHA - EM CARREGAMENTO	REGISTRO REMESSA 899662025 - PEND. SPLIT SOBRA REGISTRO 11/09 899631002- PEND. BIPAR AD. REGISTRO 11/09 899641331- PEND. BIPAR AD. REGISTRO 10/09 899631806- PEND. BIPAR	F1 - 4 FILEIRAS ESTORNADAS	F1 - PEND. ESTORNO	ADER. VARGINHA 11.09 - PEND. SOLICITAR ADER. SGC 11.09 - PEND. SOLICITAR PEND. SOLICITAR SGC E PARANÁ DO MAPA 12.09 PEND. CRIAR LISTA DO MAPA 13.09 E 15.09 DESMOBILIZAÇÃO BOTICA SP - 3 REMESSAS CRIADAS	Ccarvalhosilva
TURNO 3	13/09/2025	308		8	EXPORTAÇÃO (899626278) AD. REGISTRO 12/09 AD. VARGINHA 12/09	PALETE PARA O TRANS  02 PALETES P/ TESTE AD. VARGINHA 10.09 (899666759) - PENDT BIPAR SOBRA DE PARANÁ 11/09 (899624815) - PENDT BIPAR  AD. PARANÁ 10/09 (899625530) - PENDT BIPAR  AD. PARANÁ 10.09 (899666751) - PENDT BIPAR  AD. REGISTRO 10.09 (899666633) - PENDT BIPAR  AD. SGC 10.09 (899666743) - PENDT BIPAR  AD. REGISTRO 11.09 PENDT SPLIT	VAZIO	SOBRA DE  VARGINHA 12/09 (899666548) - PENDE BIPAR SOBRA DE VARGINHA 12/09 (899664486) - PENDE BIPAR  ADERENCIA DE VARGINHA 12/09 - EM DESCIDA  ADERÊNCIA DE VARGINHA 11/09 (899666843) - PENDE BIPAR  SOBRA DE REGISTRO 12/09 (899665727) - PEND BIPAR  DESMOBILIZAÇÃO BOTICA SP	SOBRA DE PARANÁ 12/07 - (899667023) - PENDENTE SOLICITAR	SOBRA DE PARANÁ 12/07 - (899667023) - PENDENTE SOLICITAR	F1 - PENDENTE CRIAR REMESSA (Sist: FIFO 4)	F1 - AGUARDANDO BAÚ (899666862)	PENDENTE SOLICITAR O RESTANTE DE SGC 12/09  LISTA DO MAPA DE 13/09 - PENDENTE CRIAR SGC / VARGINHA ADERÊNCIA PENDENTE MAPEAR PARANÁ 12/09  LISTA DE REGISTRO / PARANÁ 13/09 - CRIADA	Nicolly Araujo
TURNO 1	13/09/2025	320		7	FPLOG REMESSA 899592697 / 899592896 SGC 12/09	02 PALETES P/ TESTE * AD. VARGINHA 10.09 (899666759) - PENDT BIPAR * SOBRA DE PARANÁ 11/09 (899624815) - PENDT BIPAR * AD. PARANÁ 10/09 (899625530) - PENDT BIPAR * AD. PARANÁ 10.09 (899666751) - PENDT BIPAR * AD. REGISTRO 10.09 (899666633) - PENDT BIPAR * AD. SGC 10.09 (899666743) - PENDT BIPAR * AD. REGISTRO 11.09 (899667935) - PEND. BIPAR		* SOBRA DE  VARGINHA 12/09 (899666548) - PEND TM * SOBRA DE VARGINHA 12/09 (899664486) - PENDE TM * ADERENCIA DE VARGINHA 12/09 (899670189) PEND. TM * ADERÊNCIA DE VARGINHA 11/09 (899666843) - PENDE TM * ADERÊNCIA DE VARGINHA 10/09 (899666759) - PEND. TM * SOBRA DE REGISTRO 12/09 (899665727) - PEND BIPAR	AD. REGISTRO 12/09 - EM SEPARAÇÃO BOTICA SP REMESSA 3000224495 - EM SEPARAÇÃO	SGC 12/09 - EM DESCIDA EXPORTAÇÃO REMESSA 899626278 - EM SEPARAÇÃO	F1 - 1 FILEIRA PEND ESTORNO	F1 - CARGA PRONTA - PENDENTE CRIAR REMESSA (Sist: FIFO 4)	* LISTA DO MAPA DE 13/09 - PENDENTE CRIAR SGC / VARGINHA * ADERÊNCIA PENDENTE MAPEAR PARANÁ 12/09 * SOLICITADOS 30 PALLETS DESMOBILIZAÇÃO BOTICA SP  * ATUAÇÃO TAREFAS E CAMPO TRANSITÓRIO *SOLICITADO FPLOG 11/09 E 12/09	Sandy Santos