TURNO	Data e Hora	Responsável	Doca 19	Doca 20	Doca 21	Doca 22	Doca 23	Doca 24	Doca 25	Doca 26	Agendadas 	Recebidas	Back log 	Back Log	Recebidas 	Lançadas  	Pendetes de TU	NF Pendentes 	Qualidade solicitados 	Qualidade atendidos 	Wave em separação	Wave em Pesagem	Wave na Eclusa	Waves Separadas	Wavem em fila	Itens contados	Itens Recontados	Observações
TURNO 2	07/08/2025	Edmars	0	0	0	0	0	0	0	0	3	3	0	0	3	3	0	2 com chamado aberto	8	8	0	0	2834/2837	2834/2837	0			Baixo de IBC para área externa; Organização do prédio 30 ( Retirada de chapatex dos paletes); Contagem 2 Itens, recontagem 0; Atendimentos a pesagem de ordens complementares; 
TURNO 3	07/08/2025	Vanete Assuncao	0	0	0	0	0	0	0	0	3	3	0	0	0	3	0	2 com chamado aberto	0	0	0	01/01/2833	01/01/2834	2833/2834	0			Guarda piso- 9 paletes Guarda paletes qualidade- 9 paletes Abastecimento da Eclusa- 14 paletes Tratativa Campo transitório Contagem- 5 itens  Recontagem- 1 itens Atendimento a Pesagem (pendências) Organização do prédio 30  
TURNO 1	08/08/2025	Marcior	0	0	0	0	0	0	0	0	0	1	0	0	4	0	0	3 com chamado aberto ,sendo acompanhado 	3	3	2852	0	2852	Andamento 2852	0			Fizemos 7 contagens  Guarda de devolução  Atendimento a fabricação  Carregamos dois veículos de IBCs 1 carreta com 60 oxigênio 1 carreta 40 BASF Atuamos nas posições vazias da rua 3 -4-5 check posições vazias  Atuamos campo transitórios  
TURNO 2	08/08/2025	Edmars	0	0	0	0	0	0	0	0	0	0	0	0	0	0	0	0	10	10	2843	2852	0	0	0			Realização de inventario na rua 03. nível 01 até a posição 03-040-01; Atendimento a pesagem; Contagem 5 itens recontagem 1; Tratativa campos transitórios; 
TURNO 3	08/08/2025	Vanete Assuncao	0	0	0	0	0	0	0	0	3	3	0	0	0	3	0	2 com chamado	0	0	0	01/01/2833	01/01/2834	2833/2834	0			Guarda piso- 9 paletes Guarda paletes qualidade- 9 paletes Abastecimento da Eclusa- 14 paletes Tratativa Campo transitório Contagem- 5 itens  Recontagem- 1 itens Atendimento a Pesagem (pendências) Organização do prédio 30 Devolução 75
TURNO 1	09/08/2025	Bruno Raimundo	0	0	0	0	0	0	0	0	3	3	1	0	18	5	12	2	0	0	2846	2843	2846	2846 - 80%	0			Tratativas de campo transitórios; Organização da eclusa; Alinhamento de divergências com equipe de pesagem; Check de posições físico x sistêmico da rua 03 - feito até posição 03-044-07
TURNO 2	09/08/2025	Edmars	0	0	0	0	0	0	0	0	3	4	0	20	19	19	1 ( Sem lançamento)	2 NF com chamados aberto	8	8	2847	2846	2846	2846	2848 / 2850			Tratativa dos campos transitórios; Inventario da rua 03 ate a posição 03-074-07; Atendimento a pesagem; 1 Veiculo extra; Contagem 1  
TURNO 3	09/08/2025	Vanete Assuncao	0	0	0	0	0	0	0	0	0	0	0	0	0	0	0	0	0	0	0	2843	2843	2834/2843	0			Atendimento complementar Organização da Extensão- Área da pesagem Organização prédio 30 Devolução 71  Tratativa de campo transitório
TURNO 3	10/08/2025	Vanete Assuncao	0	0	0	0	0	0	0	0	0	0	0	0	0	0	0	2 chamado aberto	0	0	0	0	0	2859	0			Atendimento a pesagem Contagem 8 itens Recontados 1 item Devolução 109 itens Organização área 30 descida de IBCS Reintegração no 2AI Tratativa campo transitório Tratativa e reintegração de itens da atividade check de posições 
TURNO 1	11/08/2025	Bruno Raimundo	0	0	0	0	0	0	0	0	2	2	2	1	5	1	1	4 - todas com tu, aguardando embalar	8	8	0	0	0	0	0	6	2	Atuação em check de posições sistêmica x físico; Tratativas de campo transitório; Organização de área;  Tratativas de RNCs;
TURNO 2	11/08/2025	Edmars	0	0	0	0	0	0	0	0	2	4	0	6	16	14	0	5 NFs pendente para embalar já com as TUs	10	10	2865	2673	2673	2673	2874 Cremes	5	0	Tratativas de campos transitórios; Atendimento a engenharia; Atendimento a pesagem; 2 Veículos extras.
TURNO 3	11/08/2025	Vanete Assuncao	0	0	0	0	0	0	0	0	2	4	0	6	16	19	0	3 com chamado aberto	o	o	2874- 50 posições separadas 43 pendentes	2865	2865	2865	0	3	0	Atendimento pendencias Atendimento complementar Devolução  Eclusa Mantendo a organização da área 30 Guarda de 55 paletes no piso Atuação em campo transitório Tratativa e reintegração dos itens retirados do estoque no check de posições
TURNO 1	12/08/2025	Marcior	0	0	0	0	1 em andamento 	0	0	0	2	1 parcial 	1	0	1 em andamento 	0	1	2	4	4	2867	2867	2867	Parcial 230 posições 	2875  Transferência 898939518	2	2	Atuamos devolução  Atuamos em contagem  Atuamos não campos transitórios  Suporte a passagem  Suporte ao time fabricação  Verificação de posições 
TURNO 2	12/08/2025	Edmars	0	0	0	0	0	0	0	0	3	3	0	O	17	2	15	15	5	5	2870	2867	2867	2867 / 2877	2881	6	0	Atendimento de pendências; Atendimento de ordens complementares; Baixa de materiais para engenharia; Apoio ao time da pesagem;  
TURNO 3	12/08/2025	Vanete Assuncao	0	0	0	1	0	0	0	0	3	3	0	0	17	17	0	3 Notas:  1-Sem laudo(solicitado por e-mail) 2- Não aparece campo de lote(chamado aberto)	0	0	2870	2870	2870/2880	2880- Complementar 2870- 136 Posições separadas 20 Pendentes	2881	0	0	Atendimento a pendencias Atendimento Complementar Devolução Movimentação de paletes para Eclusa Empréstimo de um HC para treinar operador na transferência da posição Eclusa/Pesagem Guarda piso Acompanhamento e verificação de notas e itens da inspeção sinistro
TURNO 1	13/08/2025	Marcior	0	0	0	0	0	0	0	0	1	1	0	0	1	2	0	 7 com chamados abertos 	5	6	2881	2870 2877	2870 2877	2870+2881	2882  898976734	2	1	Atendimento pesagem  Atendimento engenharia 2 veículos de dedutíveis carregados  Tratativas de NFS pendentes  
TURNO 2	13/08/2025	Edmars	0	0	0	0	0	0	0	0	3	3	0	0	0	0	0	4 NF com chamados abertos	8	8	0	2867	2881	2881 / 2882	2883 2884 2885 2894	3	0	Atendimento de pendências; Tratativa dos campos transitórios; Atendimento a remessa se SJP; Atendimento de ordens complementares;
TURNO 3	13/08/2025	Vanete Assuncao	0	0	0	0	0	0	0	0	3	3	0	0	0	0	0	4 NFs chamado aberto	0	0	2884	2882/2883	2883	2883- 115 separados (concluído)  2884- 48 posições separadas 56 pendentes	2885	4 itens	1 item	Atendimento complementar Atendimento de pendências Apoio a pesagem na transferência de alguns itens Guarda de piso Atuação nos itens baixados no check de posições Devolução 105 posições Atuação no Campo transitório  Reunião TAD 
TURNO 1	14/08/2025	Marcior	0	0	0	0	0	0	0	0	1 no segundo turno 	0	0	0	0	2 de pendências 	0	5 com chamado 	0	0	Finalizando 2894	2883	2884	2884+2894	2885	3	1	Guarda dos itens divergentes  Atendimento a pendências  Atuamos nas NFS pendentes com chamados  Atendimento a pesagem  Reunião do TAD Treinamento a área de pesagem EWM 
TURNO 2	14/08/2025	Edmars	0	0	0	0	0	0	0	0	2	1	1	0	0	2	0	3 NF com Chamados abertos	1	1	2895	2884	2885	2885	2888/ 2890 / 2902	0	0	Atendimento a pesagem: Atendimento de complementares; Baixa de material para engenharia; Atendimento a qualidade; Quantidade de HC 5; Atuação em campo transitórios
TURNO 3	14/08/2025	Vanete Assuncao	0	0	0	0	0	0	0	0	2	1	0	0	0	0	0	3 NFs com chamado	0	0	2890	2887/2888	2888	2891/2897/2896/2888	2892	4	1	Atendimento a pesagem Atendimento a pendências Atendimento complementar Devolução Tratativa e guarda de itens do check de posições Guarda de paletes piso Contagem 4 itens Recontado 1 item Tratativa campo transitório Paradão- 30min
TURNO 1	15/08/2025	Marcior	0	0	0	Coopercarga para descarregar 	Maxisane descarregando 	0	0	0	3	3	0	2 que foram tratadas 	10	0	12	2 de transferência com chamado sendo acompanhado 	0	0	2890- 240 posições 	2890 2888	2888	2890 em andamento 	2902	4	1	Atuamos na devolução  Atuamos em NFS pendentes  Atuamos em solicitação de NF,s Atuamos em contagem  Atuamos em solicitações da fábrica  Carregamos uma carga de ibc oxiteno 
TURNO 2	15/08/2025	Edmars	0	0	0	0	0	0	0	0	3	3	0	12	12	12	0	3 NFs com chamados abertos	8	8	2902	2888	2890	2890	2903 2904 2905 2899	0	0	Atendimento a pesagem; Atendimento a solicitações de armazenagem de paletes de engenharia e facilite; Atuamos em campos transitórios; Separação da remessa de SJP;
TURNO 3	15/08/2025	Vanete Assuncao	0	0	0	0	0	0	0	0	3	3	0	12	12	12	0	2 Transferência com chamado	0	0	2903 95 posições separadas 21 pendentes	2888	2890/2902	 Cremes 2902 Hidro 2899	2904/2905	5 Itens	0	HCs 3 disponíveis- Solicitado empréstimo de uma HC para atender as atividades prioritárias  Atendimento a pesagem Atendimento a pendências Guarda piso Devolução Contagem Campo Transitório DDC Extraordinário- Segurança/Uso de EPI  
TURNO 1	16/08/2025	Marcior	0	0	0	0	Descarregando 	0	0	0	1	Descarregando 	0	0	0 descarregando 	0	0	3 com chamado 	6	6	2904	2890	2903	2803+2904	2905	4	2	Atendemos fabrica  Guarda de devolução  Tratativas de tarefas pendentes  Contagem 
TURNO 2	16/08/2025	Edmars	0	0	0	0	0	0	0	0	1	1	0	0	13	13	0	3 NFs, chamados abertos 	8	8	2900	2890	2902	2903/2904/2905	2911/2912	4	0	Atendimento a pesagem; Atuação nos campos transitórios; Atendimento de ordens complementares
TURNO 3	17/08/2025	Uilliam Oliveira	0	0	0	0	0	0	0	0	1	1	0		16	14		2	0	0	0		2900	2900 - 2911 - 2912	0	4	0	atendimento de pendencias atendimentos de complementar compactação da rua 06 guarda do piso de mp guarda devolução guarda de dedutível: 12 paletes contagem de posição ineficiente pacote 2911 - 2912: na rua 06 ativação de T.U: 12 NF  
TURNO 1	18/08/2025	Marcior	0	0	0	0	Liberado acesso 	0	0	0	3	1 liberada 	1	0	7	6	1	3 com chamado 	12	12	0	2915	2911	2915	0	4	2	Atendimento pesagem  Guarda  Guarda devolução  Baixa de ibcs área externa  Movimentacao de paletes da rua 6 para eclusa  
TURNO 2	18/08/2025	Daise Farias T_randstad	0	0	0	0	0	0	0	0	3	2	1 No Show (SYV0J37)	10	1	11	0	04 (Chamados abertos)	8	8	2921 Hidro		2912	2917 Cremes (Rua 02) 2918 (Complementar) 2919 (Complementar)	N/A	0	0	Atendimento Pesagem Guarda Piso Guarda Devolução Liberação e conclusão de Nf´s pendentes Carga de Dedutíveis na rua 08 (Carregamento previsto p/amanhã 19/08/25)  
TURNO 3	18/08/2025	Uilliam Oliveira	0	0	0	0	0	0	0	0	3	2	1 NO SHOW	10	1	11	0	4	4	4	2934	2917		2917 - 2918 - 2919 - 2921	0	7	1	Atendimento a complementares Atendimento a pendencias recebimento de paletes de dedutível  Atuação no campo transitórios Ajustes de tarefas pendentes Guarda devolução Guarda da qualidade 14 paletes Pacote 2934: rua 02 Pacote 2921: rua 06 Organização do piso     
TURNO 1	19/08/2025	Marcior	0	0	0	0	0	0	0	0	4	2	2	0	5	3	2 detergente 	3 com chamado 	10	10	2924	2921+2917	2934	2934+2936	2937 Hidro 	2	1	Guarda do piso  Movimentação dos paletes dedutíveis  Atendimento a pesagem waves anteriores  Atendimento a fabricação  Carregamento de 2 veículos de dedutíveis 54 paletes  Movimentação dos paletes da engenharia para descarte  Ajustes de tarefas pendentes Ajustes de recurso presos pesagem  
TURNO 2	19/08/2025	Daise Farias T_randstad	0	0	0	0	0	0	0	0	4	4	02 (Para ás 14:00 e 17:00)	0	31	24  (14 para embalar)	07 (Para lançar)	04 (Chamados abertos, aguardando retorno)	6	6	N/A			2924 Cremes 2937 Hidro (Rua 02)	2926 Cremes 2967 Cremes 2928 Cremes	0	0	Atendimento Pesagem Guarda Piso Guarda Devolução e Eclusa Liberação e conclusão de Nf´s pendentes Atendimento á Engenharia (Baixa de pallet teste) Atendimento guarda MP Manserv Limpesa geral da área Atualização de check list da área Carregamento de 24 IBC´s vazios da Oxiteno (Veiculo Placa JSS8G28 - NF.: 000097129)
TURNO 3	19/08/2025	Vanete Assuncao	0	0	0	0	0	0	0	0	4	4	0	0	23	Lançadas 16 pendentes 6	0	4 chamado aberto	0	0	2927	2934	2926/2927	2926/2927	2928	0	0	Atendimento a pesagem Atendimento pendência do grupo 2934 Atendimento complementar Movimentação paletes para Eclusa Devolução Tratativa de Campo transitório Tratativa tarefa pendentes Guarda piso
TURNO 1	20/08/2025	Marcior	0	0	0	Coopercarga 	0	0	0	0	3	1 liberada 1	1	6	12	9	8	4 com chamado aberto 	8	8	2928	2927	2926	2927+2928 parcial 	0	0	0	Atendimento a pesagem  Aténdimento pendências gerais  Atendimento complementar  Guarda Devolução  Tratativas de tarefas pendentes e recursos  Descida de 18 paletes de granéis  Solicitação de 9 NF de ibc oxigênio 2 NF de ibcs BASF disponível 
TURNO 2	20/08/2025	Daise Farias T_randstad	0	0	0	0	0	0	0	0	3	2	01 - Maxsane (Detergente)	9	21	5	13 (Todas com TU´s  já lançadas)	03 Divergentes 	10	10	2952 Hidro (95% Separada - Concluir Pendência)		2926	2928 (Rua 02) 2927 (Rua 06) 	N/A			Atendimento a divergências Pesagem  Atendimento Complementares ( 2930/2941/2940/2953) Atendimento a Fabricação Devolução Embalamento  Lista de Treinamento para coletar assinaturas Porta da Eclusa foi colocada na nova entrada, ainda sem o botão de acesso pedestre externo, apenas com o sensor de maquinas. Conclusão do serviço p/amanhã.
TURNO 3	20/08/2025	Vanete Assuncao	0	0	0	0	0	0	0	0	3	2	1	9	21	18	0	6 NFs com chamado	0	0	0	2926	2927	2928	0	0	0	Atendimento a pesagem Atendimento pendência Movimentação para Eclusa Paradão+laboral 40 minutos Guarda piso Devolução Lançamento notas Ativação de TU Tratativas de Tarefas em aberto   
TURNO 1	21/08/2025	Marcior	0	0	0	0	0	0	0	0	0	1 filme PVC 	0	0	0	5 de pendências 	1	4 com chamados abertos e sendo acompanhando 	5	5	2954	2952	2954	2954 parcial 	N/a	0	0	Guarda devolução  Guarda do piso  Tratamos NFS pendentes  Movimentamos paletes da engenharia para rua 8 Movimentamos 8 paletes de vencidos pararia 8 Tratamos pendências de waves anteriores  Atendimento a pesagem  Atendimento a fabricação  Movimentação de waves anteriores para a pesagem  
TURNO 2	21/08/2025	Daise Farias T_randstad	0	0	0	0	0	0	0	0	0	0	0	0	0	6	0	04 - NF´s chamados em aberto.	8	8	2948 Cremes 	2954 Cremes	2954 Cremes (Parcial) 2950 Hidro  (Parcial)	2950 Hidro (Rua 02) 2954 Cremes 2945 (Complementar)	2961 Cremes 2962 Cremes			Guarda Devolução e Piso; NF´s Pendentes tratadas e liberadas; Baixados 07 paletes de Dedutíveis, totalizando 184 itens, movimentados p/rua 08; Atendimento a divergências Pesagem; Atendimento Complementar; Tratamento MP (Campo Transitório); Atendimento a Qualidade;      
TURNO 3	21/08/2025	Vanete Assuncao	0	0	0	0	0	0	0	0	0	0	0	0	0	0	0	4 com chamado aberto	0	0	2961 75 posições separadas 41 pendentes	2948	2950	2948/2961	2962	0	0	Atendimento a pesagem Atendimento complementar Guarda de Devolução Guarda de piso Guarda de 14 paletes de dedutíveis ME- Rua 08 Separação de itens dedutíveis MP-Rua 08 Tratativa campo transitório
TURNO 1	22/08/2025	Marcior	0	0	0	0	0	0	0	0	3	2	1	0	29	0	29	3;com chamado aberto sendo acompanhado 	5	5	2662	2961	2962	2961	2968	0	0	Atuamos em devolução eclusa  Descemos 20 paletes de dedutível e carregamos 1 carreta  Carregamos uma carreta de ibc  Carreta das 08 atrasou ,gerando atraso no recebimento  Atuamos em tarefas pendentes  Fizemos um treinamento de consulta  com conferente da eclusa para não ficar com o recurso preso em coletor  Atuamos em NFS pendentes 
TURNO 2	22/08/2025	Edmars	0	0	0	0	0	0	0	0	3	3	0	29	6	19	0	3 NF com chamados abertos 	11	11	2975	2962	2968	2968 /2962	2976/2977/2979	0	0	Atendimento a ordens complementares; Atendimento a área terceiras; Realização da TAD; Retirada do consol; Guarda do piso.
TURNO 3	22/08/2025	Vanete Assuncao	0	0	0	0	0	0	0	0	3	3	0	0	17	15	0	2 Para abrir Chamado 	0	0	2976 12 Separadas 89 Pendentes	Cremes 2962 	Creme 2975 Hidro 2979	2975/2979	2977	0	0	Atendimento a pesagem Atendimento de Wave complemantar Ativação TU 18 Nfs Lançamento NFs 15 Nfs Separação dedutível Devolução Movimentação para Eclusa Guarda piso Tad Super/ Treinamentos conferentes-1:00hs 
TURNO 1	23/08/2025	Bruno Raimundo	0	0	0	0	0	0	0	0	2	1	1	5	0	2	0	2 NFs transferência, data de validade inferir a 90 dias	0	0	2983	2968	2979	2975 / 	2977	0	0	Tratativas de notas fiscais pendentes Guarda de piso Movimentação de dedutíveis 
TURNO 2	23/08/2025	Edmars	0	0	0	0	0	0	0	0	3	2	1	3	0	1	0	4 NFs com chamados abertos 	8	8	2977	2976	2983	2983	899155347 (SJP) / 2994	0	0	Atendimento de ordens complementares; Atendimento de materiais não produtivos; Baixando de Dedutível; Atuando e devolução; Tratativa de Campos transitórios. 
TURNO 3	23/08/2025	Uilliam Oliveira	0	0	0	0	0	0	0	0	2	1			3	2	0	1 NF 607817 (Sem lote)	0	0	0	2976	2977-2994	2994	899155347/SJP	0	0	HC-2 Antecipação de veiculo agendado para 10hs - 24/08 Ativação de T.U Armazenamento de material de dedutível(M.E) 30 PALETES Guarda do piso Guarda da devolução   Atendimento a pesagem Atendimento a complementar Ajuste de tarefas pendentes  
TURNO 3	24/08/2025	Vanete Assuncao	0	0	0	0	0	0	0	0	2	2	0	0	10	10	0	3 notas pendentes com chamado aberto	0	0	3004	CREME 3002/ HIDRO 2989	CREME 3003/ HIDRO 2989	3003/2929	0	0	0	Atendimento a pesagem Atendimento a pendência Ativação TU Guarda piso Guarda Devolução Armazenamento de material dedutível ME Organização da Rua 06 Movimentação de paletes para Eclusa DDS extraordinário devido a uma ocorrência no armazém novo- 15 minutos
TURNO 1	25/08/2025	Marcior	0	0	0	1 descarregando 	1 dedutível carregando 	0	0	0	3	2	1 descarregando 	0	2	0	5	ND pendentes ,com chamado ,sendo monitorados 	3	3	3004	3003	3003	3004	N/a	0	0	Baixamos 56 paletes de dedutível  Carregamos 1 e deixamos um sendo carregado  Atuamosnnas NF,s pendentes  Tamos no canoa transitório retiramos R$ 283.000,00 hoje  Deixamos paletes para serem movimentados de dedutível na rua 4 Baixamos matérias para envase de cremes Demos baixa em RIM , baixadas de entrega dos turnos anteriores  
TURNO 2	25/08/2025	Daise Farias T_randstad	0	0	0	0	0	0	0	0	3	2	01 -  ME	5	5	5	1	01 - P/Embalar 03 - Pendentes (Sem Lote)	8	8	3008 (60% concluída)		3004 Cremes	3004 Cremes 3008 Cremes (Rua 02) 3007 (Complementar)	3012 Hidro 3013 Complementar			Baixa e relocação dos pallets de dedutíveis (Final das ruas 05/04/03 e 02) e armazenado/posicionados material dedutível ME na rua 08; Tratativa de Campo transitório; Atendimento á Pesagem; Atuação em Devolução; Embalamento e Guarda; Atuação nas Notas Fiscais com pendências Atendimento de Pendencias em wave de turnos anteriores Carregamento de carga dedutível concluído Limpeza do armazém realizada  
TURNO 3	25/08/2025	Vanete Assuncao	0	0	0	0	0	0	0	0	3	2	1	5	5	6	0	8 com chamado aberto para criação de lotes	0	0	0	3008	3008	Hidro 3012/ Cremes 3008	0	0	0	Atendimento a Pendencias grupo 3004 Atendimento complementar a pesagem Guarda piso Guarda paletes qualidade Baixa de 20 paletes de dedutíveis ME para Expedir Movimentação de MP da rua 06 Separação dedutíveis MP Movimentação de paletes do corredor para rua 6 Tratativa campo transitório Movimentação de paletes para Eclusa
TURNO 1	26/08/2025	Marcior	0	0	0	0	0	0	0	0	3	2	1 para 16:00	0	13	6	11	9 com chamados 	4	4	3009	3008	3009	3009 parcial 	3017 + 899155347 transferência 	0	0	Atendimento a pendência de waves anteriores  Atendimento complementares  Guarda do piso  Guarda devolução  Carregamento de um veículo dedutível  Tratativa de campo transitório Tratativa tarefas pendentes.
TURNO 2	26/08/2025	Daise Farias T_randstad	0	0	0	0	0	0	0	0	3	3	0	11	14	28	0	03 Nf´s pendentes lançadas/resolvidas; 04 Nf´s aguardando retorno do chamado aberto; 02 Nf´s liberdas para lançamento (Lotes enviados); 	9	9	N/A		3009 CREMES 3017 HIDRO	3009 CREMES 3017 ECLUSA	3022 HIDRO			Atendimento a pendências; Atendimento a Fabricação; Guarda Devolução; Atendimento á Pesagem; Tratativa de Nf´s pendentes e liberação de MP´s do piso; Organização geral da área; Movimentação de dedutivéis; Tratativa de Campo transitório; 
TURNO 3	26/08/2025	Vanete Assuncao	0	0	0	0	0	0	0	0	3	3	0	11	14	28	0	3- chamado aberto	0	0	0	Cremes 3009/ Hidro 3022	3022	3022	0	0	0	Atendimento a pesagem Atendimento a pendência Devolução Movimentação paletes para Eclusa Remessa SJP- Separado e enviado para Expedição- 9 Paletes Guarda de paletes no piso- 51 paletes Tratativa de Campo Transitório Verificação de tarefas Reunião tratativa campo transitório- 1:00hs 
TURNO 1	27/08/2025	Marcior	0	0	0	0	0	0	0	0	2	2	0	2	11	5	8	5 com chamados 	10	10	3024	3024	3024	3024 parcial 	3020+3028	0	0	Atuamos em devolução  Notas fiscais pendentes  Recebimento  Organização e limpeza  Atendimento a complementares  Atendimento a pendências  Solicitação a NF ibcs 
TURNO 2	27/08/2025	Daise Farias T_randstad	0	0	0	0	0	0	0	0	2	2	0	8	2	10	0	06 - Chamados aberto	10	10	3028 CREMES (Pendência)	3028 CREMES	3028 CREMES	3020 HIDRO 3027 Complementar	3029 HIDRO 3031 Complementar			Atuação nas Nf´s pendentes Atendimento á Devolução Embalamento de todas as MP´s  Atendimento á complementar Atendimentos as pendências Atendimento á Fabricação Organização da área Recebimento de material Facilites Movimentação dos pallets de Papelão e Plástico da rua 04 p/a rua 08 Movimentação dos pallets de Dedutíveis p/a rua 08 
TURNO 3	27/08/2025	Vanete Assuncao	0	0	0	0	0	0	0	0	2	2	0	0	0	0	0	7 com chamado aberto	0	0	o	3028/3029		3028/3029/3031	0	0	0	Atendimento a pesagem Atendimento complementar Guarda piso Devolução Movimentação paletes para Eclusa Organização rua 06- Movimentação paletes plástico  Organização rua 02- Retirada dos itens sem filmar do nível 2 a 7, realizado filmagem e compactação. Organização da rua 03- até a posição 03-026-02 (lado par) Tratativa Campo Transitório Tratativa tarefas pendentes Treinamentos com a Equipe sobre os temas abaixo: -Transferência Odisseia  -Organização Câmara fria -Identificação visual com etiquetas de cores dos itens Controlado/Inflamável e Refrigerado nos processos de Recebimento/Armazenagem e Abastecimento Reciclagem- Divergência peso da etiqueta de matéria- atenção ao preenchimento ao embalar, verificação durante a separação /Devolução- não retirar paletes com item sujo de matéria ou qualquer outra divergência.
TURNO 1	28/08/2025	Marcior	0	0	0	0	0	0	0	0	0	0	0	0	0	6	0	3 com chamado aberto ,sendo tratados 	3	3	3032 -240 posições ,restando apenas as pendências já geradas 	3032	3032	3032	3033+3035	0	0	Guarda do piso  Guarda paletes devolução  Tratamos 6 notas de pendências e deixamos 3 ja em andamento  Carregamos 20 paletes de dedutíveis vencidos  Atuamos em limpeza e organização  Atuamos nas movimentações dos ibcs das ruas para a rua 8 Demos continuidade nos paletes sem filmes  Atuamos em pendências da pesagem  
TURNO 2	28/08/2025	Daise Farias T_randstad	0	0	0	0	0	0	0	0	0	0	0	0	01 - Transferência SJP	3		02 - NF´s resolvidas que estavam pendentes	6	6	N/A 	3033	3033	3032 CREMES 3036 Complementar 3038 Complementar 3039 Complementar 3051 Complementar 3033 Cremes	3056 Complementar 3035 Cremes 3055 Hidro			Atendimento á complementares Atendimento á pesagem Tratativas de Pendências  Devolução Movimentação de 12 pallets de Dedutíveis  Atuação em Campos Transitórios  Tratativas de Tarefas pendentes Organização geral da área 
TURNO 3	28/08/2025	Vanete Assuncao	0	0	0	0	0	0	0	0	0	0	0	0	0	0	0	2 com chamado aberto	0	0	3055	3035	3035	CREMES 3035  HIDRO 3055- Separadas Pendentes	Sem Wave em fila	0	0	Atendimento a pesagem Atendimento a pendência Atendimento Complementar Tratativa campo transitório Guarda e organização piso Separação paletes dedutível- 15 paletes Movimentação palete para Eclusa  
TURNO 2	29/08/2025	Daise Farias T_randstad	0	0	0	0	0	01 - OKD8407	0	0	4	4	01 - OKD8407	12	10	19	05 ( Ag. descarregar - Em Doca 24)	03 NF-s P/Chamado (Sem Lotes)	6	6	3058 HIDRO	3047 CREMES	3047 CREMES	3047 CREMES 3058 HIDRO	3049 CREMES 3050 CREMES 			Atendimento as Pendências e tratativas de Transitórios; Atendimento Fabricação; Guarda Devolução; Movimentação de materiais inflamáveis dentre posições p/o 2AI; 
TURNO 3	29/08/2025	Vanete Assuncao	0	0	0	0	0	0	0	0	4	4	0	12	20	5	0	3 com chamado	0	0	3049	3049	3049/3058	3047(pendência) 3058 3049	3050	0	0	Atendimento a pesagem Atendimento  a pendencias Movimentação de paletes para Eclusa Tratativa de Tarefas pendentes Tratativas de Campo transitório Filmagem e guarda de deduiveis Recebimento  Guarda de piso Devolução 
TURNO 1	30/08/2025	Marcior	0	0	0	0	0	0	0	0	3	2	1 agendamento 2°	0	9	9	0	3 com pendências 	10	10	3059	3049	3049	3049	0	0	0	Movimentações dos ibcs para área externa  Atuamos em devolução  Atuamos em tarefas  Guarda do piso  Atuação em 5s
TURNO 2	30/08/2025	Daise Farias T_randstad	0	0	0	0	0	0	0	0	3	3	0	0	3	3	0	03 - Chamados em aberto.	6	6	3071 HIDRO	3050 CREMES 3071 (PARCIAL)  	3071 HIDRO	3050 CREMES 3061 COMPLEMENTAR  	3062 CREMES			Atuação em pendências  Tratativas em tarefas pendentes Atendimento á Pesagem Embalamento e Guarda de Piso Guarda Devolução Atendimento á Qualidade Atendimento á Fabricação
TURNO 3	30/08/2025	Vanete Assuncao	0	0	0	0	0	0	0	0	3	3	0	0	0	0	0	3 com chamado aberto	0	0	3063	3062	3062/3063	3071- Pendências 3062 3063- 74 posições separadas 62 restantes	3064	0	0	Atendimento a Pendências Atendimento Complementar Devolução Movimentação de paletes para Eclusa Turno com 3 HCs- Força tarefa para o atendimento do grupo. Pois estávamos sem grupo a frente da pesagem.  
TURNO 3	31/08/2025	Uilliam Oliveira	0	0	0	0	0	0	0	0	1	0				3		1	0	0	3074 - 45% separado	3064	3073	3073	3067	0	0	Atendimentos a pesagem Atendimento a complementares Guarda de devolução Atuação nos campos transitórios  Tratativas de divergência no estoque  Guarda de material de amostra  
TURNO 1	01/09/2025	Marcior	0	0	0	0	0	0	0	0	4	3	1	5	9	9	5	1 com chamado aberto 	2	2	3067	3073	3074	3074	0	0	0	Atendimento de pendências  Atendimento de complementares Guarda do piso Guarda devolução  Recebimento NFS pendentes  
TURNO 2	01/09/2025	Daise Farias T_randstad	0	0	0	0	0	0	0	0	4	4	0	8	1	9	15 Nf´s ( Veiculo RXN1D21 - Descarga finalizada ás 21:45 hr)	02 Nf´s para chamado (Sem Lote Boticário/Sem campo para lançamento de Lote)	9	9	3082 CREMES	3081 CREMES	3081 CREMES	3067 HIDRO 3081 CREMES 3083 COMPLEMENTAR	3084 CREMES			Embalamento e Guarda de piso Guarda Devolução Atendimento de Pendências e Complementares Atendimento á Fabricação  Atendimento á Engenharia (Liberação material para teste e guarda de novos paletes) Atendimento Manserv Movimentação de MP´s inflamáveis dentre posições para o 2AI. Limpeza da área de 2AI  
TURNO 3	01/09/2025	Uilliam Oliveira	0	0	0	0	0	0	0	0	4	4	0	8	15	13		2	0	0	3084	3081	3082	3082	0	0	0	Atendimento a pesagem Atendimento a complementar  Guarda da devolução Guarda do piso Treinamento da nova assistente  Ajuste sistêmico de posições  
TURNO 1	02/09/2025	Marcior	0	0	0	0	0	0	0	0	6	2	4	2	11	8	5	3  Sendo 1 com chamado 	5	5	3084	3084	3082	3084 ,faltando as pendências 	3080	0	0	Atuamos em devolução  Solicitado carregamento de ibc Guarda do piso  Atuamos em pendências anteriores  Treinando da assistente e jovem aprendiz  Atuação em notas pendentes  Chamado aberto para impressora  
TURNO 2	02/09/2025	Daise Farias T_randstad	0	0	0	0	0	0	0	0	6	4	01 - Oxiteno (No Show) e 01 - Pizzatto (Prev. Cheg. Veiculo 03/09/25)	5	5	10	05 Nf´s com TU emitidas p/embalar.	02 - Sem a data de validade ao embalar.	14	14	3080 (Pendência)	3084	3080	3084 3080 	3093 3092 3094			Atendimento á Pesagem  Atendimento á Pendências Atendimento á Engenharia Carregamento e Liberação veiculo de IBC´s vazios Atuação em NF´s Pendentes (MP´s Oxiteno liberadas) Embalamento e Guarda de piso Atuação em Devolução Chamado para impressora continua em aberto
TURNO 1	03/09/2025	Naciane Dias	0	0	0	Oxiteno	0	0	0	0	5	3	1	0	6	3	0	3 Já com chamado aberto, sendo acompanhado.	0	0	3092 finalizando, mais 3095 iniciando.	3093	3093, 3094	3092	3085	4	2	Guarda de devolução. Guarda de piso. Atuação em notas fiscais pendentes. Técnico de TI verificou a impressora, identificou quebra, já solicitou a peça, chamado continua aberto. 5S realizado.
TURNO 2	03/09/2025	Daise Farias T_randstad	0	0	0	0	0	0	0	0	4	5	01 - TBP1A67 Pizzatto (Prev. Cheg. 03/09/25) Ag. Status Pizzatto	5	12	10	06 - Nf´s todas com TU lançadas / 01 - Lançar.	03 - Chamados em aberto.	6	6	3085 CREMES (80% Separada)		3080 CREMES (Parcial em Rua 02)	3092 CREMES (Pendência) 3095 HIDRO 3085 CREMES  	3096 HIDRO			Hoje iniciado o cronograma de inventários de posições, como acordado entre os técnicos dos três turnos, iniciado na rua 04; Atendimento ás Pendencias; Atendimento á Pesagem; Atendemos a solicitações da Fabricação; Embalamento e Guarda de piso; Carregamento de dois veículos de dedutíveis (16 paletes por carga); Guarda Devolução; Atendimento á Qualidade;
TURNO 3	03/09/2025	Uilliam Oliveira	0	0	0	TBP1A67 	0	0	0	0	4	5		5	12	14		1 faltando abrir 3 chamado aberto	0	0	0	3085	3085 - 3096 - 3096	3085 - 3096 	0	6	0	Atendimento a pesagem Atendimento a complementar Inventario de posições Guarda do piso Guarda da devolução Ajuste de posições Treinamento da nova assistente    
TURNO 1	04/09/2025	Naciane Dias	0	0	0	0	0	0	0	0	3	2 (1 adiantada de amanhã/Axon)	2	0	21	12	9	1 Descarregando em ME (nota fiscal 416925)	0	0	3087-Hidro	3085- 3096	3087-3098	3087-Hidro	899390715- Transferência	4	0	Atuação na devolução  Inventário  em 43 posições  Atuação  em campo transitório  Tratativas de divergências Eclusa X pesagem Porta Raiflex funcionando normal  Impressora aguardando peça de reposição.  
TURNO 2	04/09/2025	Daise Farias T_randstad	0	0	0	0	0	0	0	0	3	3	01 - Extra  (Placa AXZ8A05 / AXON)	9	5	11	2	01 - Chamado aberto	9	9	N/A		N/A	899390715 - Transferência SJP 3099 Complementar	3100 Complementar 3101 Complementar			Foram Inventariadas 140 posições; Baixados dedutíveis (09 Pallets - 60 itens); Separada Remessa 899390715 de transferência SJP (Ag. retirada da Expedição); Atuamos em Devolução; Atendimento á Engenharia (Pallets para teste); Atendimento á Pesagem; Guarda de dedutíveis expedição; Embalamento e Guarda de piso; Treinamento da Assistente;
TURNO 3	04/09/2025	Vanete Assuncao	0	0	0	Veículo com paletes de ME	0	0	0	0	3	3	1 (AXON prev chegada 05/09)	0	0	2	0	2 Para abrir Chamado 1- Chamado aberto	0	0	0	0	0	0	0	2	0	Guarda piso Separação dedutível Devolução Check de posições- 98 posições seguindo os passos abaixo:  ✔️ Comparar sistêmico x físico ✔️ Verificar o tipo de estocagem ✔️ Conferir a informação da embalagem do fornecedor x etiqueta do Boticário Resumo- Planejado 90 pos/ realizado 98pos/ Diverg 3 Percentual diverg. 3,06% Acuracidade 96,94% Contagem
TURNO 1	05/09/2025	Naciane Dias	0	0	0	Baú com cantoneira 	0	Max Sane 	0	0	2	2	0	3	14	0	0	14 Com TU criadas.	10	10	3103 Hidro 	0	3103 Hidro 	0	3104 Hidro	4	0	Inventário de 246 posições. Transferência da rua 4 e 5 para a rua 7 e 8. Tratativa de 169k de campo transitório. Carregamento de 18 pallet de dedutível. Impressora aguardando   
TURNO 2	05/09/2025	Edmars	0	0	0	0	RAB-5C13	0	0	0	3	1	2	8	29	13	0	24	8	8	0	3103	3088	3088	3104/ 3090 / 3111	0	0	Atendimento a ordens complementares; Inventario de 97 posições; 2 veículo atrasados, um encostando agora na doca.
TURNO 3	05/09/2025	Vanete Assuncao	0	0	0	0	0	0	0	0	3	2		8	29	26	0	Pendentes embalar- 3 Pendentes de entrada- 2 com chamado aberto	0	0	2990	3088	3090	HIDRO 3104 CREMES 3090- 95 posições	3111	5	2	Atendimento a pesagem Atendimento de pendências Devolução Movimentação de paletes para Eclusa Guarda piso Descarga 1 veículo Recebimento/Lançamento notas Check Posições- 98 posições 5 divergências encontradas e  tratadas Tratativa de Tarefas pendentes Ordens de tarefas criadas para campo GR-MP, a fim de evitar itens parado em GR-ZONE 
TURNO 1	06/09/2025	Marcior	0	0	0	Com paletes de cantoneiras 	0	0	0	0	3	2 (1 d-1)	2 não compareceu 	4	12	4	12 com as TU,s lançadas 	2 com chamado sendo acompanhado 	10	10	3111	3090	3090	3090+3111 em andamento 	3208 cremes 	0	0	Atuamos Atendimento a pesagem  Atendimento a fabricação  Movimentação de palete para exclua  Recebimento e guarda  Check d exposição em andamento 90 posições no momento  Tratamos tarefas pendentes e recursos presos  Recebemos uma carreta do dia anterior   
TURNO 2	06/09/2025	Daise Farias T_randstad	0	0	0	0	0	0	0	0	4	2	02 - MAXSANE (NO SHOW)	0	12	12	0	Nf´s para embalar 02 - Nf´s Chamado em aberto	5	5	3110	3111	3111 3108	3111 3108 3109 complementar	N/A			Estamos recebendo paletes de dedutíveis e ME, os dedutíveis de plástico vamos deixar 56 paletes na rua 07 p/carregar segunda-feira, os demais de dedutível vão ser armazenados no final da rua 08 no lado direito, da posição 08-172 pra frente. Lembrando que temos que colocar o tipo de material e anotar a posição.  Os de ME serão armazenados na rua 06, no início, para esses tem que fazer sistêmico.  Armazenamos materiais de EPI na rua 08  Movimentamos IBC da rua 08  Realizado Inventário nas posições   Embalamento de MP´s  Veiculo Doca 22 - Carregado com pallets de cantoneiras  02 Veículos - MAXSANE (NO SHOW)
TURNO 3	06/09/2025	Uilliam Oliveira	0	0	0	0	0	0	0	0	4	2	2	0	12	18		3 chamado aberto	0	0	0	3108	3110 - 3111 - 	3110	0	3	0	Atendimento a pesagem Guarda de piso Guarda de devolução Treinamento da nova assistente Guarda da qualidade Recebimento de dedutível(M.E) 20 PALETES Tratamento de campo transitório Tratamento de tarefas abertas Check de posições Rua 05 (44 posições) 2 divergências encontradas   
TURNO 1	08/09/2025	Naciane Dias	0	0	0	0	0	0	0	0	3	3	1 (carga 46640 de 19:00 adiantada 	2	12	10	1	 NF dando erro ao gerar TU (TU obrigatória)	2	2	3118 Cremes	0	0	3133	3	0	0	Guarda piso Inventário de 3 itens. Tratativa de 53 itens no campo transitório Impressora aguardando peça de reposição.
TURNO 2	08/09/2025	Daise Farias T_randstad	0	0	0	0	0	0	0	0	3	3			15	15	06 ( Descarregando Doca 21)	03 Nf´s pendentes Erro Sistêmico EWM Erro no Pedido de Compras Erro Qtde. fisíco 	9	9	312O CREMES (FINALIZADA)	3118 CREMES	3120 CREMES	3118 CREMES 3120 CREMES	3131 CREMES 3136 HIDRO			Recebemos 50 pallets de desmobilização da Expedição, todos armazenados na rua 06. 85 Posições inventariadas na rua 04. Embalamento e Guarda de piso. Guarda devolução.     
TURNO 3	08/09/2025	Vanete Assuncao	0	0	0	0	0	0	0	0	3	3	0	0	15	21	0	5 com chamado aberto	0	0	3131	3118	CREMES-3120/3131 HIDRO- 3132/3136	HIDRO- CREMES- 3131 69 posições separadas 55 posições pendentes	0	4	0	Atendimento a pesagem Atendimento complementar Recebimento/Lançamento NF Devolução Movimentação palete para Eclusa Guarda piso Tratativa tarefas Pendentes Tratativa Campo transitório Check de posições- 63 posições verificadas 3 divergências encontradas 
TURNO 1	09/09/2025	Naciane Dias	0	0	0	Material da expedição 	0	1 Coopercar 	0	0	1	1	3	1	18	4	6	17 NF pendentes mas todas com TU lançada.	2	2	3126	3131	3131	3126	0	0	0	Atuamos em devolução  Relevemos 30 pallets de ME rua 6 Atamos na passagem. Carregamento de 2 caminhões com 82 IBC. Carregamento de 56 pallets de dedutíveis.
TURNO 2	09/09/2025	Daise Farias T_randstad	0	0	0	0	0	0	0	0	2	1	01 - Placa OKD8407 Coopercarga (Aguardando chegada)	19	8	17	8  NF´s com TU´s lançadas p/Embalar + 03 NF´s p/lançar	03 NF´s com divergência (E-mail enviado e chamado em aberto)	10	10	3127 - CREMES	3126 - CREMES 		3126 - CREMES 3128 - COMPLEMENTAR 3139 - COMPLEMENTAR 3140 - HIDRO 3130 - COMPLEMENTAR 899549454 -TRANSFERÊNCIA 899570835 -TRANSFERÊNCIA 	3129 - CREMES 3141 			Atuação em Devolução (Devido a obra da eclusa o espaço está restrito, devendo manter a movimentação constante) 73 Paletes inventariados no rua 04 03 pallets de dedutível MP não inflamável Paletes de dedutíveis vindo da expedição alocados na rua 07 Embalamento e Guarda de Piso de MP´s recebidas Carregamento de 40 IBC´s vazios da BASF (Veiculo Placa NZE0E98 - NF´s: 97961(20 vols) e 97962(20 vols) Atuamos em pendências e atendimento a Pesagem A impressora continua no aguardo de conserto 
TURNO 3	09/09/2025	Vanete Assuncao	0	0	0	0	0	0	0	0	2	1	1 No show	19	0	8	0	3 com chamado aberto	0	0	3127	3120	3126	3127- 143 separadas 14 pendencias a separar	3129	0	0	Atendimento a pesagem Atendimento a pendência do grupo 3131 Guarda piso Lançamento de notas Movimentação de 60 paletes da rua 06 posição 06-136 à 06-170 liberar espaço para armazenar paletes de ME(Igaratiba) Devolução Movimentação paletes para eclusa Tratativa campo transitório Check de posições Treinamento nova Assistente 
TURNO 1	10/09/2025	Naciane Dias	0	0	0	Material de ME	Coopercarga sendo descarregada. (Carga 97465)	0	0	0	4	4	1	0	10	5	5	5 NF pendentes por inconsistência do sistema. 	0	0	3142 HIDRO	3143- COMPLEMENTAR 	3143 3142	0		6	0	Atendimento complementar Atendimento pendências Atuação em campo transitório. Atuação Tarefas pendentes. 1 caminhão com 28 pallets de dedutíveis. Treinamento da nova assistente. Treinamento da jovem aprendiz. Sistema SAP /EWM fora desde 13:00. Impressora continua aguardando atuação do TI, falei com eles e a peça já chegou. 
TURNO 2	10/09/2025	Daise Farias T_randstad	0	0	0	0	0	0	0	0	1	2		0	11	7	04 - Nf´s com TU´s emitidas (P/Embalar)	03 - NF´s abertos chamados (Sem Lotes)	8	8	3148 CREMES	3129 CREMES	3142 HIDRO	3129 CREMES 3142 HIDRO 3148 CREMES	3149 CREMES 3161 CREMES	8	0	Atuamos no inventário de 97 posições Movimentação de IBC´s na rua 08 Atuação em guarda Devolução Emlamento e Guarda de Piso Atendimento a Qualidade Atendimento Facilites 01 Remessa separada para SJP Atendimento á Pesagem Atuamos em pendências Tratamos campos transitórios Realizamos Contagem
TURNO 3	10/09/2025	Regina Moura	0	0	0	0	0	0	0	0	1	2	0	O	11	11	0	3-NFS COM CHAMADO ABERTO	0	0	3148-CREMES	3127	3129 3148	3148	3149-Cremes 3161-Cremes	1	0	-Atendimento a pesagem - Guarda piso - Lançamento de nota -Armazenamento de paletes(Igaratiba) -Treinamneto da nova assistente -Trativa de campo transitórios -Tratativa de tarefas -Devolução  -Tratamento de paletes na eclusa -Check de posições -Organizaçao do piso -Treinamento da nova Assistentente 
TURNO 1	11/09/2025	Naciane Dias	0	0	0	0	0	Carga 47479, PIZZATO MP	0	Em manutenção 	0	1	1	0	2	0	2	9	5	5	3148	3148- CREMES 	31	3148	3161- CREMES 3165- HIDRO 	0	0	Atuação em campo transitório.  Atuação tarefas pendentes.  1 Veiculo extra CF LOG TRANS.  1 veiculo extra  de insumos( material de escritório). 1 veículo com 23 pallets de dedutíveis e papel. Atendimento a complementares -3162, 3164. Treinamento a nova assistente. Impressora funcionando ok 
TURNO 2	11/09/2025	Daise Farias T_randstad	0	0	0	0	0	0	0	0	2	2	01 EXTRA - CF-LOG TRANS (OME-1J80/ FIRMENICH)		5	5	02 - NF´s de transferência p/embalar	03 - NF´s com chamados em aberto (Sem Lotes)	7	7	N/A		3149 CREMES	3149 CREMES 3165 HIDRO 3166 COMPLEMENTAR	3161 CREMES 3167 CREMES 3168 CREMES	7	0	Foram 05 pallets de dedutíveis Armazenamos pallets de EPI´s na rua 08, os mesmos sendo inventariados Doca 25 em manutenção Tratativa de Campo transitório Realização de Inventario nas posições Atendimento da Fabricação Atuamos na Devolução, embalamento e guarda de piso.
TURNO 3	11/09/2025	Vanete Assuncao	0	0	0	0	0	0	0	0	2	2	1 EXTRA	0	5	5	2 NFs Transferencia	3 com chamado aberto	0	0	3161	3148	3149/3161	3161/3170	Cremes 3167/3138 Hidro 3171	6	0	Atendimento a pesagem Atendimento Complementar Devolução Abastecimento Eclusa Guarda piso Tratativa Tarefas Tratativa campo transitório Separação dedutível Treinamento nova assistente Reunião TAD
TURNO 1	12/09/2025	Naciane Dias	0	0	0	0	0	0	0	Em manutenção 	2	1	1 Ativa carga/ 97642, não compareceu	1	7	0	0	8 Notas todas com TU gerada.	0	0	3167- CREMES	3171- HIDRO	3171- HIDRO	3167- CREMES	3168- CREMES	0	0	 Atendimento a pesagem.  Atendimento Complementar.  Devolução.  Guarda piso.  Tratativa Tarefas.  Tratativa campo transitório. Carregamento de 22 pallets de dedutível (10 IBC`s).  Treinamento nova assistente. Atuação em divergências derivada de check de provisões. Doca 26 em manutenção.
TURNO 2	12/09/2025	Edmars	0	0	0	0	0	0	0	0	0	1	O	8	1	11	0	3 NF com chamados abertos 	6	6	3168	3161	3167 / 3281	3167	3153 / 3154 / 3256	0	0	Atendimentos de ordens complementares; Atuação nos paletes de EPI; Atendimentos de materiais não produtivos ao time da pesagem.  
TURNO 3	12/09/2025	Vanete Assuncao	0	0	0	0	0	0	0	0	0	1	0	0	0	9	0	3 com chamado	0	0	3154	3167	3168/3153	3168- pendencia 3153	3156	6	0	Atendimento a pesagem Abastecimento Eclusa Devolução Tratativa campo transitório Materiais vencidos planilhado (área de divergências) Tratativa tarefas pendentes Verificação recursos Check de posições Guarda piso 
TURNO 1	13/09/2025	Marcior	0	0	0	0	0	0	0	0	1	1	0	0	1	0	1	5 com chamado aberto 	0	0	3154	3153	3153	3154 em andamento 	3156+3179	9	0	Devolução  Guarda do piso  Atendimento a pesagem  Abastecimento da eclusa  Tratativas de tarefas  
TURNO 2	13/09/2025	Edmars	0	0	0	0	0	0	0	0	1	1	0	1	0	1	0	3 NFs com chamados abertos 	4	4	3156 Cremes, faltando só rodar as pendências 	3153 Cremes	3154 Cremes 3179 Hidro  3256 Cremes 99% completa	3156 / 3154	3196 Cremes 3197 Cremes	0	0	Atendimentos de ordens complementares; Baixa de IBC para área externa; Organização da área;
TURNO 3	14/09/2025	Vanete Assuncao	0	0	0	0	0	0	0	0	1	1	0	30	0	30	0	6 com chamado aberto	0	0	0	3196	3197	3197/3111/3112-CREMES 3204- HIDRO 	0	6	1	Atendimento a pesagem Atendimento a pendência grupo 3156 Guarda piso Lançamento notas Tratativa campo transitório Check de posições Verificação Tarefas pendentes Verificação recurso Check posições ineficientes Abastecimento da Eclusa Treinamento Assistente Nova 
TURNO 1	15/09/2025	Marcior	0	0	0	0	0	0	0	0	2	2+ 1 Jung +1 talicia filme PVC 	0	0	12	0	12	7 com chamado  5 resolvidas 	10	10	3215	3202	3202	3215	0	3	3	Atuamos em notas fiscais pendentes  Atuamos em Devolução  Atuamos em tarefas pendentes  Atendemos pendências  Atendemos complementares  Recebemos cargas de áreas parceiras  Feito inventário das posições   
TURNO 2	15/09/2025	Naciane Dias	0	0	0	0	0	0	0	0	1	1	1	12	1	11	0	Todas as NF estão com TU lançadas. Nota 418404-1 sem o romaneio 	3	3	0	3207- Finalizada	3207 3215 3213 3206 	3207	3208- Para iniciar 3209- Para iniciar	0	0	- Atuamos em notas fiscais pendentes  - Atuamos em Devolução  - Atuamos em tarefas pendentes  - Atendemos pendências  - Atendemos a complementar - Recebemos cargas de áreas parceiras  - Feito inventário de 84 posições 
TURNO 3	15/09/2025	Vanete Assuncao	0	0	0	0	0	0	0	0	1	1	0	0	0	1	0	8 com chamado aberto	0	0	3209	3207	3208	3202	3217	6	0	Tratativa NF com pendencia laudo -Lançamento realizado Abastecimento Eclusa Devolução Guarda piso Tratativa campo transitório Tratativa tarefas Tratativa recursos 
TURNO 1	16/09/2025	Marcior	0	0	0	0	0	0	0	0	2	1	1	9 com chamado 	18	6	18	4 com Chamado sendo resolvido 	3	3	3217	3208	3209	3209 +3217 finalizando 	0	0	0	Guarda de devolução  Guarda do recebimento  Atendimento a complementares  Atendimento a pendências de waves  Tratamos tarefas pendentes  Tratamos recursos  Tratamos NF,s pendentes 
TURNO 2	16/09/2025	Naciane Dias	0	0	0	0	0	0	0	0	2	1	2	2	0	9	12- com TU lançada, falta embalar + 10 carga 98326- placa QEC2F01, pendente TU	Temos só as NFs (76311, 76312) aguardando chamado.	3	3	3219- CREMES	3217- HIDRO	3217- HIDRO	3219- CREMES	3220- HIDRO 3221- CREMES	0	0	Atendimento a pendências das Weves Tratamos tarefas pendentes  Tratamos recursos  Tratamos NF,s pendentes Tratamento de campo transitório Atendimento a Faciliteis Guarda da Devolução 
TURNO 3	16/09/2025	Vanete Assuncao	0	0	0	0	0	0	0	0	2	2	0	10	11	10	0	13- Para lançamento 3- Com chamado aberto	0	0	3221	3209	3219	3219- 20 posições 3221-86 posições separadas 47 pendentes	3220 HIDRO	0	0	Atendimento a Pesagem Abastecimento Eclusa Atendimento a pendencias do grupo 3209 Lançamento de notas Guarda piso Devolução Criação TU HCs- 3
TURNO 1	17/09/2025	Bruno Raimundo	0	0	0	0	0	AXON - PLACA: SXB-2J41 (CARGA AVARIADA) 	0	0	1	2	1	18	7	13	7	4 - CHAMADO EM ANDAMENTO	8	8	3223	3220	3221	3220 - 3221	-	0	0	TRATATIVA DE CAMPO TRANSITÓRIO  ACOMPANHAMENTO DE DESCARGA - CARGA AVARIADA SINISTRO AXON
TURNO 2	17/09/2025	Naciane Dias	0	0	0	0	0	0	0	0	1	2	0	1	5	1		4 NF com pendencia para abertura de chamado ( lote e data de validade ausente)	3	3	3228- CREMES	3223-HIDRO	COMPLEMENTARE: 3210 3231 3224	3228- CREMES	3229- CREMES 3227- CREMES 3230- HIDRO	0	0	Atendimento a Pesagem Abastecimento Eclusa Atuação em campo transitório Lançamento de notas Inventário rua 4 Guarda piso Devolução Criação TU Criou TU e embalou o material da carga com avaria (Qualidade esta analisando material).
TURNO 3	17/09/2025	Regina Moura	0	0	0	0	0	0	0	0	2	3 ( uma extra)	0	1	0	0	0	04 chamado aberto 03 para abrir chamado	0	0	3229-cremes	3228-cremes	3229	3229-Cremes 3228-cremes	3227-cremes  3230-hidro	0	0	- Atendimento a Pesagem - Abastecimento Eclusa -Devoluçao -Criação TU -Guarda de piso -Check de posicões -Treinamento da nova assistente.  
TURNO 1	18/09/2025	Marcior	0	0	0	0	0	0	0	0	1	2	0	0	1	6	2	5  3 com chamado aberto  2 sem 	3	3	3230  Faltando 1 posição no inflamável 	3228	3229	3229 3230	3227	2	1	Recebimento de NFS pendentes  1 veículo extra  Guardamos devolução  Atuamos em tarefas pendentes  Atuamos no campo transitório  Atendimento a pesagem  
TURNO 2	18/09/2025	Naciane Dias	0	0	0	0	0	0	0	0	1	1	0	3	3	5	1(419.067)	NF todas com TU criadas 	8	8	3227- CREMES	3230- HIDRO	3227- CREMES 3230- HIDRO	3227-CREMES	3241-CREMES 3242-CREMES 3243-CREMES	1	1	Atuamos em Inventário Guardamos devolução  Atuamos em tarefas pendentes  Atuamos no campo transitório  Atendimento a pesagem Atuamos em atualização de Dedutível  Atendimento a Faciliteis Reunião do TAD Baixamos Dedutível Atendimento ao time da pesagem. Iniciamos a guardo do material da carga com avaria. 
TURNO 3	18/09/2025	Regina Moura	0	0	0	0	0	0	0	0	1	1	0	1	1	1	0	2 NOTAS COM CHAMADO ABERTO.	0	0	3241-CREMES	3227-CREMES	3227-CREMES 3241-CREMES	3227-CREMES 3241-CREMES (156 POSICÕES SEPARADAS E 20 PENDENCIAS GERADAS)	3242-CREMES 3243-CREMES 3244-HIDRO	0	0	- Atendimento a Pesagem -Atendimento a pendencias do grupo 3227 - Abastecimento Eclusa - Lançamento de notas - Atuou em complementar - Guarda piso - Devolução - Criação TU -Check de posicões -Parada para DDC 20 MIN.
TURNO 1	19/09/2025	Marcior	0	0	0	0	0	0	0	0	1	1	0	0	0	0	0	3	0	0	3242	3244	3244	3241	3243	0	0	Guarda de devolução  Atuamos em NF pendentes  Atuamos em tarefas pendentes Reuniao de campo transitório ,após atuamos em conjunto com pesagem  Feito inventário de posições  Atuamos em.pendencias de wave anteriores  
TURNO 2	19/09/2025	Naciane Dias	0	0	0	0	0	0	0	0	1	1	0	1	10	8	0	NF: 021382 com divergência no lote e validade, já enviado e-mail e aguardando retorno. NF: 254545 pendente laudo, já solicitado por e-mail e aguardando retorno.  NF: 76312 com divergência sistêmica, e-mail já enviado aguardando retorno.  	3	3	3243-CREMES com 90% concluído.	3242-CREMES	3243-CREMES	3242-CREMES	3249- CREMES 3250- HIDRO	0	0	- Atuamos em Inventário na rua três 03-002 até 03-024, 03-001 até 03-027, executando do nível 2 até o 7 (totalizando 156 posições). - Guardamos devolução. - Atuamos em tarefas pendentes.  - Atuamos no campo transitório . - Atendimento a complementares. - Atendimento a almoxarifado. - Atendimento ao time da pesagem. - DDC + informativo do Acidente.
TURNO 3	19/09/2025	Regina Moura	0	0	0	0	0	0	0	0	1	1	0	8	8	8	0	- NF: 021382 com divergência no lote e validade, já enviado e-mail e aguardando retorno. - NF: 254545 pendente laudo, já solicitado por e-mail e aguardando retorno.  - NF: 76312 com divergência sistêmica, e-mail já enviado aguardando retorno. 	0	0	3250-HIDRO	3243-CREMES	3249-CREMES	3243-CREMES (RODOU PENDENCIAS) 3249-CREMES (CONCLUIDO)	O	0	0	- - Atendimento a Pesagem - -Atendimento a pendencias do grupo 3243 - - Abastecimento Eclusa - - Lançamento de notas - - Atuou em complementar - - Guarda piso - Devolução -Organização da Rua 30 -Movimentação dos IBCS -Movimentaçao do dedutivel.
TURNO 1	20/09/2025	Bruno Raimundo	0	0	0	0	HJF7221 - COOPERCARGA	0	0	0	1	1	0	3	6	0	6	3 COM CHAMADOS, PENDENTES DE LAUDO	4	4	3252- PENDENTE - HIDRO	3249 - CREME	3250 / 3252 - HIDRO	3250 / 3252 - HIDRO	3254 / 3255 - CREMES	2	1	ORGANIZAÇÃO FISICA DA ÁREA CHECK DE POSIÇÕES (70 INVENTARIAS - 02-090-01 Á 02-100-07) - PARCIAL ORGANIZAÇÃO DE POSIÇÃO PARA VENCIDOS DENTRO DO CONTROLADO - CONFORME ORIENTAÇÃO DA RDC 48 
TURNO 2	20/09/2025	Naciane Dias	0	0	0	0	0	0	0	0	0	1-Finalizando o descarregamento ( placa Baú  HJF7221)	0	3	8	7	1	- NF: 021382 com divergência no lote e validade, já enviado e-mail e aguardando retorno. - NF: 254545 pendente laudo, já solicitado por e-mail e aguardando retorno.  - NF: 76312 com divergência sistêmica, e-mail já enviado aguardando retorno. - NF: 352465 sem conseguir gerar TU, (erro apresentado: Não é possível inserir unidades de frete selecionadas). 	10	10	3254	3248 3252	3248 3252	3254	3255	0	0	- - Atuamos em Inventário na rua três, 03-002 até 03-024, executando do nível 2 até o 7 (totalizando 50 posições parciais). - - Guardamos devolução. - - Atuamos em tarefas pendentes.   - - Atuamos no campo transitório . - - Atendimento a complementares. - - Atendimento ao time da pesagem
TURNO 3	20/09/2025	Regina Moura	0	0	0	0	0	0	0	0	1	1	0	0	1	1	1	3 COM CHAMADO ABERTO  1 NF COM ERRO DE UNIDADE DE FRENTE NA GERAÇAO DA TU OBRIGATÓRIA.	0	0	0	3255-CREMES	3255	3255-CREMES	0	0	0	- Atendimento a Pesagem - Atendimento a separação - Abastecimento Eclusa - Organizaçao da área - Lançamento de nota - Guarda piso - Devolução  
TURNO 3	21/09/2025	Regina Moura	0	0	0	0	0	0	0	0	0	0	0	0	0	0	1 chamado aberto nf:352465	4 NF,S COM CHAMADO ABERTO	0	0	0	3265	0	0	O	O	O	-  Atendimento a Pesagem(Complementar) -  Abastecimento Eclusa -  Organizaçao da área -  Devolução - Check de posicoes(140 posicoes).
TURNO 1	22/09/2025	Marcior	0	0	0	0	Carreta dedutível para ser carregada 	0	0	0	2	2	0	0	14	12	0	7 com chamados 	5	5	0	3260	3270	3269+3270	0	0	0	Atendimento a pesagem  Uma carreta de dedutível com 26 paletes carregada Atuamos em devolução  Atuamos nas tratativas de tarefas pendentes  Atuamos no campo transitório . Atuamos no inventários de posições  Treinamento da jovem aprendiz 
TURNO 2	22/09/2025	Naciane Dias	0	0	0	0	0	0	0	0	1	1	0	0	2	2	0	8 NF com chamados abertos, aguardando retorno.	6	6	0	3271- CREMES	3271- CREMES	3271- CREMES	0	0	0	Uma carreta de dedutível de plástico com 28 pellets. Atuamos em devolução. Atuamos no inventários de 26 posições. Organização da rua 8 por categorias: Papel, plástico, PA não inflamável, Inflamável, diversos. Somando 90 posições. Devolução. Atendimento a Pesagem(Complementar). Armazenagem de pallet da engenharia. 
TURNO 3	22/09/2025	Regina Moura	0	0	0	0	0	0	0	0	0	0	0	0	0	0	0	8 NF com chamados abertos, aguardando retorno.	0	0	0	0	0	0	0	0	0	- Atuamos em devolução. - Check de posicoes (42 posições) - Armazenamneto e identificação paletes de pote na (Rua 8) - Atendimento a Pesagem (Ajuste) - Armazenagem de pallet da engenharia (Rua 8)
TURNO 1	23/09/2025	Marcior	0	0	0	0	0	0	0	0	0	0	0	0	0	2	0	7 nf com chamado aberto 	5	5	0	3272	3272	3272	0	0	0	- - Atuamos em devolução. - - Check de posicoes  - - Atendimento a Pesagem (Ajuste) - -tratamos nf,s pendentes  tratamos campo transitório tratamos tarefas pendentes . 5s da área feito 
TURNO 2	23/09/2025	Naciane Dias	0	0	0	0	0	0	0	0	1	2	0	0	5	5	0	6 NF com chamados abertos, aguardando retorno.	5	5	0	0	0	0	0	0	0	Atuamos em devolução. Separado 5 pallets de Dedutível de MP Atuamos no inventários de 143 posições. Atendimento a Pesagem(Complementar). Atuação em campo transitório Tratativa de notas pendentes. Recebimento da nota de Talícia (geladeira se encontra em nosso piso para ser movimentada pelo time de Faciliteis, já com chamado aberto). 
TURNO 3	23/09/2025	Vanete Assuncao	0	0	0	0	0	0	0	0	0	1	0	2	12	14	0	6 com chamado aberto	0	0	0	0	0	0	0	0	0	1 Veículo recebido(janela das 7:00 24/09) Criação TU 12 notas Embaladas 14 notas Armazenamento de paletes recebidos Tratativa campo transitório Verificação tarefas pendentes Check de posições Separação Dedutível- 22 itens 4 paletes 5HCs 1 em treinamento NR11 1 curva de aprendizado  
TURNO 1	24/09/2025	Bruno Raimundo	0	0	0	0	0	0	0	0	5	4	1	6	5	0	0	6 - CHAMADOS EM ABERTO (AGUARDANDO TRATATIVA FISCAL)	6	6	1	1	1	2	1	0	0	SEPARADOS 8 PALETES DEDUTIVEIS  CHECK DE 111 POSIÇÕES  ALINHAMENTO COM PESAGEM SOBRE CAMPO DEVOLUÇÃO
TURNO 2	24/09/2025	Naciane Dias	0	0	0	0	0	0	0	0	1	1	0	0	13	3	13	NFs 6 pendentes com chamado aberto	3	3	3276	3276	3276 3279 3281	3276	3278	0	0	Separação de 7 pallets dedutível. Carregamento de uma carga de ibcs vazio 42 paletes Armazenamento de paletes recebidos. Atendimento a pesagem em complementares. 
TURNO 3	24/09/2025	Vanete Assuncao	0	0	0	0	0	0	0	0	1	1	0	18	0	18	0	6 com chamado aberto	0	0	3278	3276	3278	3276- Pendências 3278- XX posições	0	0	0	Atendimento a pendências grupo 3276 Movimentação paletes para eclusa Devolução Ativação de TU Lançamento de notas Guarda dos itens lançados 
TURNO 1	25/09/2025	Marcior	0	0	0	0	0	0	0	0	0	0	0	0	0	0	0	6 com chamado aberto sendo analisado pelas equipes diversas , 	6	6	1	1	1	2	0	0	0	Atuamos na devolução atuamos em notas pendentes  escrituração de notas de ibcs  atuamos em recursos presos  atuamos em tratativas de campos transitórios , foco no industrial  atuamos em tratativas de campo transitório da área  fizemos 5s da área  Reunião com Denise e responsável pela jung     
TURNO 2	25/09/2025	Naciane Dias	0	0	0	0	0	0	0	0	0	0	0	0	0	0	0	6 NFs com pendência, já com chamado aberto.	2	2	3284	3284	3282 3283 	3284	0	0	0	Baixamos 16 pallets de dedutível E planilha atualizada. Recebemos 13 pallets da expedição, material dedutível  Atendimento ao grupo. Inventário de 55 posições. Atendimento a qualidade. Confecção de sinalizações para pallets dedutível.  
TURNO 1	29/09/2025	Marcior	0	0	0	0	0	0	0	0	2	2	0	8	12	10	0	3 com chamado aberto 	5	5	1	1	1	2	0	0	0	- Atuamos na devolução - atuamos em notas pendentes  - atuamos em recursos presos  - atuamos em tratativas de campos transitórios , foco no industrial  - atuamos em tratativas de campo transitório da área  - fizemos 5s da área  carregamos 1 carreta de dedutível 26 paletes 
TURNO 2	29/09/2025	Naciane Dias	0	0	0	0	0	0	0	0	0	0	0	2	0	8	0	NF`s Pendentes: 0296 chamado aberto. 642809 descarregamento para amanhã, 30/09. 	3	3	3240-CREMES	3286- HIDRO	3239-CREMES	3240-CREMES	3291-CREMES	0	0	Atuamos em 5S. Atendimento a pesagem com pendências. Atuamos em devolução. Lançamento de nota.
TURNO 3	29/09/2025	Regina Moura	0	0	0	0	0	0	0	0	0	0	0	0	0	0	0	- 0296 chamado aberto. - 642809 descarregamento para 30/09.	0	0	3291-cremes	3240-cremes	3240-cremes 3291-cremes	3240-cremes(separadas 25 posicões) 3291-cremes( separadas 85 posicões)	0	0	0	- Atendimento ao grupo - Movimentação paletes para eclusa - Devolução - Guarda do piso -Check de posições ineficientes -Atuamos nos campo transitório. -Verificação de recursos e tarefas.