TURNO	Data e Hora	PNP	Detalhes PNP	Observação PNP	Mista 2	Mista 3	CCME 	Buffer	Contagem	3AB	RETRABALHO	Campos e Tarefas	Rim   	Observação Geral	Qtd.linhas
TURNO 2	05/08/2025 22:00:04	Sem PNP Creme / Hidro	N/A	N/A	Esteira e piso com baixa demanda	Esteira e piso com baixa demanda	Comparativo tratados 07   28 Pallets reintegrados   07 Saldos solicitados	Abastecido e organizado	7 itens contados Lista com 15 itens pendente de solicitação para o 3T	Expansão-  controlada Cremes- controlada Hidros- controlada	Orden 340661 - 100% abastecida	Hidros - 1 item R$ 103,80 Cremes - 3 itens R$ 12.147	Sem demanda de RIM		Hidro: 9, Cremes: 11
TURNO 3	05/08/2025 05:51:13	Sem PNP Creme / Hidro	N/A	N/A	Controlado	Controlado	Atuamos Controlado.	Controlado.	Contamos 13 itens  Deixamos 7 itens para o 1° Turno.	Atuamos controlado.	Não tivemos atuação	7517,14	Não ouve solicitação.	Dificuldade com gaiola.	Hidro: 6, Cremes: 9
TURNO 1	06/08/2025 14:03:42	Sem PNP Creme / Hidro	N/A	N/A	Controlado	Controlado	Controlado	Controlado - Hidro e Cremes	Contamos 6 itens - Aguardando a liberação de CE. Lista Pronta de 10 itens para 2º turno.	Controlado	340669 Faltando separar 70700000454879 palete na área mista2	Em Atuação	Sem Demanda	Tivemos dificuldade na disponibilidade de gaiolas.	Hidro: 9, Cremes: 12
TURNO 2	06/08/2025 22:09:55	Sem PNP Creme / Hidro	N/A	N/A	Piso e esteira com baixa demanda	Piso e esteira com baixa demanda	30 Pallets reintegra 13 Saldos solicitados	Abastecido e organizado	11 itens contados Lista com 14 itens pendente solicitar - 14 paletes	Demanda controlada, portas com baixa demanda	Ordem 340670 abastecida na C11	Sem informação	Rim Estojos - separada	Dificuldade com as gaiolas durante o turno	Hidro: 9, Cremes: 10
TURNO 3	06/08/2025 06:07:15	Sem PNP Creme / Hidro	N/A	N/A	Controlado	Controlado.	Atuamos controlado.	Controlado.	Contamos 14 itens. Deixamos 11 itens para o 1° Turno .	Controlado. 2 paletes pendente de agrupamento.	340669	8856,89	Separada.		Hidro: 8, Cremes: 9
TURNO 1	07/08/2025 14:09:59	Sem PNP Creme / Hidro	N/A	N/A	Controlado	Controlado	Controlado. Atuação nos matérias sem saldos e criação de saldos.	Controlado.	Contamos 11 itens Lista pronta de 10 itens para 2º turno.	Controlado	340672 - Aguardando o desbloqueio da qualidade, material na zona mista de HIDRO.	Em Atuação.	Sem Demanda.	Parada desde 09:00 do PIG03 para manutenção corretiva. Tivemos dificuldade na disponibilidade de gaiolas.	Hidro: 9, Cremes: 10
TURNO 2	07/08/2025 22:08:43	Sem PNP Creme / Hidro	N/A	N/A	Esteira e piso com baixa demanda	Esteira e piso com baixa demanda	44 Pallets reintegra. ✅ 03 Saldos solicitados✅ Inventário 70700000469452 Físico/Sistemico ✅ Reintegrado.  Obs: Todos os itens que recebi no turno sem saldo foram planilhados ✅	Abastecido e organizado	1 item contado - Oportunidade na lista deixada pelo 1T (itens ja contados)	Expansão-Cremes-Hidros: demanda controlada	340662 - Abastecimento iniciado (1/5 paletes no abastecido) ✅ 340641 - Em abastecimento na H1 ✅ 340672 - Abastecido na H1✅ 340664 - Abastecida na H1✅	Sem informação	Sem demanda		Hidro: 9, Cremes: 10
TURNO 3	07/08/2025 06:11:14	Sem PNP Creme / Hidro	N/A	N/A	Controlada.	Controlada.	Atuamos controlado.	Controlado.	13 itens . Lista com 10 itens para o 1° turno .	Controlado.	340662 - Abastecido .	22795,19			Hidro: 8, Cremes: 10
TURNO 1	08/08/2025 14:11:39	Sem PNP Creme / Hidro	N/A	N/A	Controlada	10 paletes para agrupamento da lista do CE. 02 Paletes de CCME divergentes, retornar para o industrial.	Paletes para serem conferidos e armazenados.	Controlado.	Contamos 10 itens. Lista Pronta para 2º turno de 10 Itens.	Atuamos e Controlado. Oportunidade apenas na área da expansão.	Sem Demanda.	Em Atuação	Sem Demanda.	Tivemos dificuldade na disponibilidade de gaiolas. Maquina 07 se encontra na sala de bateria em manutenção. Realizamos a relocação da base de Hidro. Tivemos a limpeza das esteiras da Schaffer com ar comprimido. Tivemos a paletização parada pela manhã.	Hidro: 9, Cremes: 11
TURNO 2	08/08/2025 22:12:12	Sem PNP Creme / Hidro	N/A	N/A	Controlado	Controlado	Piso sem pendências Criação de saldos: 03 paletes pendente	Abastecido / controlado	02 itens contados ( lista com 10 itens de PA com itens já contados.  Sem lista para 3 turno	As 3 portas com baixa demanda	340663 pendente abastecimento.	Sem informação	Sem demanda		Hidro: 8, Cremes: 10
TURNO 3	08/08/2025 06:50:24	Sem PNP Creme / Hidro	N/A	N/A	Controlado.	Controlado.	Atuamos controlado.	Abastecido .	Contamos 14 itens. Lista com 10 itens para o 1 ° Turno.	Controlado. 3 paletes pendente de agrupamento.	340663 Abastecido .	24639,9			Hidro: 7, Cremes: 9
TURNO 1	09/08/2025 13:51:01	Sem PNP Creme / Hidro	N/A	N/A	Controlável	Controlável	Atuando nas fabrica	Abastecidos	7 itens contado  uma lista em descida	Controlável	HIDRO 340662 E 340563 faltando abastecer	Atuando  campo transitório e tarefas pendentes	Sem solicitação		Hidro: 8, Cremes: 10
TURNO 2	09/08/2025 21:54:19	Sem PNP Creme / Hidro	N/A	N/A	Controlado. Baixa demanda	Controlado. Piso com material separado	36 paletes reintegrados / armazenados	Abastecido	10 itens ME contados, 1 ME com divergencia para ajuste e armazenagem 28 itens de ME para o 3T e 1T solicitar e contar	Controlado para as 3 portas.	340665 - Em descida 340666 - Em descida	Sem informações	Sem demanda		Hidro: 8, Cremes: 10
TURNO 1	10/08/2025 13:55:06	Sem PNP Creme / Hidro	N/A	N/A	Controlável	Controlável	Atuando	Controlável	Aguardando liberação dos itens contados	Controlável	340662 , 340666, 340665,	Atuando 0<5	1 RIM para H4 sem dar baixar C/C INVALIDO material no piso		Hidro: 8, Cremes: 10
TURNO 2	10/08/2025 21:57:19	Reportar PNP	Linha: Cremes C7 | Tempo: 1/h | Peças: 2592 | Resp: GPP  - mudança de ordem  1614610 para ordem 1614611 ordem cortada.  Solicitação de abastecimento da ordem 1614151 as 7:25 no chat grupo da separação.	[Cremes C7]: .	Demanda controlada	Demanda controlada	41 paletes reintegrados  01 item solicitação de saldo	Abastecido	4 item Me Material no piso aguardando liberação Lista disponível para turno da noite 24 itens pendente solicitar	Controlado nas 3 portas	340662 - FIFO da H9 separada 340666 - mista 2 separada  340665 - mista 2 separada	Sem informação	Rim H4 - baixa realizada		Hidro: 8, Cremes: 9
TURNO 3	10/08/2025 06:06:23	Sem PNP Creme / Hidro	N/A	N/A	Controlado.	Controlado .	Atuamos, controlado.	Abastecido e controlado.	Contamos 1 itens (Devido o piso cheio, aguardado liberação ) Lista com 10 itens para o 1° Turno.	Atuamos controlado.	retrabalho :340662 - Fifo da H9.  340666 e 340665 - Abastecida .  340667 -  Aguardando desbloqueio da qualidade.	62013,28			Hidro: 7, Cremes: 9
TURNO 1	11/08/2025 13:59:57	Sem PNP Creme / Hidro	N/A	N/A	Controlada.	Controlada.	Controlado, atuamos nos materiais sem saldo.	Controlada.	Contamos 7 itens. Lista pronta com 10 itens para 2º turno	Paletes apontados no final de turno.  Área da expansão de Cremes e Porta Rayflex de Hidro.	340662 e 340667 - Fifo da H9 / COMPLEMENTAR DO RETRABALHO 340563 CARTUCHO EM DESCIDA 340666 e 340665 - Abastecida	Em atuação.	Sem Demanda	Tivemos dificuldade na disponibilidade de gaiolas. Maquina 07 se encontra na sala de bateria em manutenção.	Hidro: 9, Cremes: 10
TURNO 2	11/08/2025 22:02:25	Sem PNP Creme / Hidro	N/A	N/A	Piso com baixa demanda, esteira controlada	Piso com baixa demanda, esteira controlada	43 paletes reintegrados  10 reintegrados de solicitação de saldo	Abastecido e organizado	Contamos 8 itens da lista de 10 deixada pelo 1T (2 não gerou contagem) Lista com 19 itens deixada para o 3T solicitar e contar	Expansão- Ok baixa demanda Cremes- Ok baixa demanda Hidros- Ok baixa demanda	Ordem 340557 100% abastecida	Sem informação	RIM de Hidros solicitada - 3t acompanhar (abastecer 12.08 as 10hrs)		Hidro: 9, Cremes: 10
TURNO 3	11/08/2025 05:58:22	Sem PNP Creme / Hidro	N/A	N/A	Controlado.	Controlado.	Atuamos controlado .	Controlado .	Contamos 6 itens, 35 paletes. Lista com 12 itens .	Controlado .	Ordem 340508: 4000172453 Aguardando desbloqueio da qualidade.	71916,99	Rim H06:  4000224936(Mista 2)		Hidro: 7, Cremes: 9
TURNO 1	12/08/2025 14:13:21	Sem PNP Creme / Hidro	N/A	N/A	Controlada	Controlada	Controlada, atuamos nos materiais sem saldos	Controlada	Armazenamos lista de contagem do 3º turnos ás 09:00, liberados as 08:40. Recontamos 3 Itens do 3º turno. Lista em descida para 2º turno.	Controlado.	Ordem 340508: 4000172453 EM SEPARAÇÃO	Sem Informação	Rim H06:  4000224936 ABASTECIDO NA H6		Hidro: 9, Cremes: 10
TURNO 2	12/08/2025 22:04:13	Sem PNP Creme / Hidro	N/A	N/A	Piso e esteira com baixa demanda	Piso e esteira com baixa demanda	21 Pallets reintegra.  01 pallet aguardando para ser inserido no trâns.	Abastecido e organizado	9 itens contados Lista com 4 itens pendente da lista deixada pelo 1T	Controlado, portas com baixa demanda	340508  - Abastecida na H1 ✅ 340627  -  Abastecida na C8 ✅ 340509  -  Cancelada, retrabalho na C8 apenas da 340627  (Armazenado)❌ 340510  -  Abastecida na H1 ✅  340512  -  PA abastecido na H1 ✅	HIDROS- 11 ITENS - *R$101.288,53*	2 RIM em andamento, acompanhar o email		Hidro: 9, Cremes: 10
TURNO 3	12/08/2025 06:09:15	Sem PNP Creme / Hidro	N/A	N/A	Com paletes pendentes de separação, e para ser direcionado aos FIFOS .	Com paletes pendente de separação.	Atuamos controlado.	Controlado.	Não atuamos. Lista com 10 itens para o 1° Turno .	8 paletes para ser armazenado (Apontados no final do turno)	ORDEM 340668 em descida na mista 2 para abastecimento - Solicitar o desbloqueio da qualidade p/ PA (pallet:70700000325517)	5458,15	RIM C1: [PROJETO INTERNALIZAÇÃO VULT 300ML - 2AP] -Abastecido  Rim H6:  70700000343869 e 70700000439838 - 28 KG do filme 425083.00 ( abastecimento pendente, devido centro de custo estar inválido. Aguardando)		Hidro: 8, Cremes: 11
TURNO 1	13/08/2025 14:03:30	Sem PNP Creme / Hidro	N/A	N/A	Controlado	Controlado	Controlado, atuamos nos matérias sem saldos	Controlado	Contamos 6 itens! 4 itens em descida por conta do espaço físico.  ( 424400.00 / 424603.01 / 427605.01 e 428389.00 ) Lista Pronta de 10 itens para o 2º turno	Cenário Controlado.	Sem Demanda	Atuamos em 33 itens, totalizando R$ 203.383,28	Sem Demanda	Tivemos Paletização Parada pela manhã.	Hidro: 9, Cremes: 10
TURNO 2	13/08/2025 21:58:36	Sem PNP Creme / Hidro	N/A	N/A	Esteira com baixa demanda, paletes no piso para separar e movimentar	Esteira e piso com baixa demanda	38 Pallets reintegrados 08 Pallets criados saldos e reintegrados 15 pallets de colmeia recebidos de Hidro. 4 foram criados saldos prontos pra armazenar 12 Saldos solicitados (Saldos em aprovação não podemos movimentar)	Abastecido e organizado	2 itens contados pendencia do 1T Lista deixada pelo 1T com 9 itens em descida para o 3T atuar  (Houve um equivoco na lista deixada pelo 1T e solicitamos no 2t os paletes errados, impactando no resultado)	Expansão, Cremes e Hidros com baixa demanda nas portas	340513  - Abastecido na H1 ✅ 340668  -  Desbloqueio pendente ❌ 340511  -  Abastecido na H1 ✅ 340628  - Ordem indisponível  ❌	4 itens - R$ 46.843,23	RIM HIDROS - Separada no piso para abastecimento	- Orientar o time a passar o turno com os notebooks carregados, principalmente CCME  -16 paletes de colmeia retirados de Hidros para atuação na area de tratativa	Hidro: 8, Cremes: 10
TURNO 3	13/08/2025 06:04:55	Sem PNP Creme / Hidro	N/A	N/A	Controlada,  com material pendente de separação e movimentação para o FIFO.	Controlada,  com material pendente de separação e movimentação para o FIFO.	Atuamos controlado.	Controlado.	Contamos 8 itens. Lista com 10 itens para solicitação (38 paletes).	Controlado.	Ordem 340628 completamente abastecida.	86991,17	RIM C1: [PROJETO INTERNALIZAÇÃO VULT 300ML - 2AP] -Abastecido  H6:  70700000343869 e 70700000439838 - 28 KG do filme 425083.00 ( abastecimento pendente, devido centro de custo estar inválido. Aguardando)		Hidro: 8, Cremes: 10
TURNO 1	14/08/2025 14:08:38	Sem PNP Creme / Hidro	N/A	N/A	Controlado	Controlado	Controlado	Controlado	Contamos 9 itens, 1 item em descida da lista. ( Material no piso aguardando a liberação do CE )  Lista pronta de 10 itens com 72 paletes para 2º turno.	Controlado	340515 UC 702254625 - AGUARDANDO DESBLOQUEIO	Atuação nas tarefas pendentes.	FILME 417929.00 NO PISO PARA ATENDIMENTO A RIM - PALETE 70700000440499 (AGUARDANDO NOVO CÓDIGO P/ DAR BAIXA). Rim H6:  70700000343869 e 70700000439838 - 28 KG do filme 425083.00 ( abastecimento pendente, devido centro de custo estar inválido. Aguardando)	Maquina 12 em Manutenção.	Hidro: 9, Cremes: 11
TURNO 2	14/08/2025 21:56:36	Sem PNP Creme / Hidro	N/A	N/A	Piso e esteira com baixa demanda	Esteira com baixa demanda. Piso com pendências de separação/movimentação	31 paletes reintegrados 13 paletes aguardando criação de saldo (colmeia) Piso CCME limpo✨		2 itens contados (pendencia do 1T + recontagens) Lista com 6 itens no piso 30 Paletes para contar no 3T Lista com 17 itens pendente de solicitação para o 3T 109 paletes	Expansão, Cremes e Hidros sem pendências	340661  - Abastecido na H1 ✅  340515  -  Abastecido na C5 ✅		Sem demanda	Contagem impactada devido liberação dos itens após as 16hrs e divergências para tratativas + Alta demanda de retirada na expedição	Hidro: 9, Cremes: 10
TURNO 3	14/08/2025 06:07:07	Sem PNP Creme / Hidro	N/A	N/A	Controlado. Com material pendente de separação, e direciona para os FIFOS .	Controlado. Com material pendente de separação, e direciona para os FIFOS .	Atuamos, controlado.	Abastecido e controlado.	Contamos 5 itens . (38 paletes). 17 itens para o 1° Turno (113 Paletes) .	Atuamos controlado.	ORDEM  340509 ABASTECIDA NA H1	50957,1	RIM para teste - Sexta-feira (15/08) às 4h00 na H5 (Material que veio de MP e Palete - 70700000338021) - Material abastecido na H5.	Dificuldade com Gaiola.	Hidro: 7, Cremes: 10
TURNO 1	15/08/2025 14:08:45	Sem PNP Creme / Hidro	N/A	N/A	Controlado	Controlado	Controlado e atuamos.	Controlado	Contamos 4 itens no total de 30 paletes. ( Aguardando a liberação do CE) Lista pronta para o 2º turno.	Controlado	Ordem 340661 Faltando separar	Atuamos	Sem demanda	Maquina 16, na sala de bateria para manutenção corretiva.	Hidro: 9, Cremes: 11
TURNO 2	15/08/2025 21:58:40	Sem PNP Creme / Hidro	N/A	N/A	Esteira e piso com baixa demanda	Esteira e piso com baixa demanda	38 Pallets reintegra. ✅ 15 pallets de colmeia aguardando criação de saldo.  Área reintegração CCME livre ✨	Abastecido e organizado	5 itens contados, 1 divergência precisou ser eliminada devido superar 2% Lista com 8 itens de ME para solicitar  Lista com 55 paletes Lista de PA com 19 itens 150 paletes	Expansão, cremes e Hidros demanda zerada	340661  - Abastecido na H5 ✅  340686  - Material no piso Em abastecimento ✅	11 itens - R$91.952,99	Sem demanda		Hidro: 9, Cremes: 11
TURNO 3	15/08/2025 06:08:01	Sem PNP Creme / Hidro	N/A	N/A	Controlado, com material pendente de separação e transferir para os FIFOS.	Controlado, com material pendente de separação e transferir para os FIFOS.	Atuamos controlado.	Controlado.	Contamos 7 itens. 17 itens para o 1° turno (256 paletes )	Atuamos. 8 paletes na porta de cremes (apontados no final do turno).		55845,25	RIM para teste - Sexta-feira (15/08) às 4h00 na H5 (Material que veio de MP e Palete - 70700000338021) - Material abastecido na H5 - PENDENTE BAIXA SISTEMICA		Hidro: 8, Cremes: 10
TURNO 1	16/08/2025 13:54:53	Sem PNP Creme / Hidro	N/A	N/A		Zona cheia, porem com alto passivo de pallets ja separados pendentes movimentação para kanban		Ambos abastecidos	3 itens contados, pallets aguardando liberação no fifo de contagem	Controlado!	sem retrabalho	Atuação em campos trânsitorios 105.449,39 reais 3 Tarefas pendentes ajustadas	sem rim abastecida no 1t		Hidro: 8, Cremes: 11
TURNO 2	16/08/2025 22:10:15	Sem PNP Creme / Hidro	N/A	N/A	Esteira e piso com baixa demanda	Esteira e piso com baixa demanda	17 Pallets reintegrados  15 pallets de colmeia aguardando criação de saldo.    12 pallets aguardando criação de saldos para tratativa de CCME.	Abastecido e organizado	8 itens contados, 1 divergência alta. Total 7 liberados  Lista com 7 itens pendente de descida	Portas zeradas (Expansão, Cremes e Hidros)	Sem demanda	9 ITENS - R$60.132,68 - RANGERS 0 > 5 e 16 > 30	Sem demanda	Necessário seguir negociando com o Industrial para consumir as caixas de reuso (excesso no piso)	Hidro: 8, Cremes: 11
TURNO 1	17/08/2025 13:47:08	Sem PNP Creme / Hidro	N/A	N/A	Controlado	Controlado	Atuando	Controlado	Depois da liberação dos itens já contados , feito a guarda , material no piso para solicitar contagem  e lista pra solicitar	Controlado	Não tem	Atuando	sem RIM para  solicitar		Hidro: 8, Cremes: 10
TURNO 2	17/08/2025 22:11:28	Sem PNP Creme / Hidro	N/A	N/A	Esteira e piso com baixa demanda	Esteira e piso com baixa demanda	37 paletes reintegrados  Paletes de reuso armazenados (excesso no piso)	Abastecido e organizado	1 item do 1T recontado, finalizado e armazenado no 2T Lista criada no 2T com 6 itens, contados e armazenados Lista com 8 itens para verificação e descida no 3T	Portas de 3AB e reintegração com demanda zerada no 2T	Sem demanda	Não atuamos	Sem demanda	Excesso de caixa de reuso no piso. Abastecemos o máximo, mas cremes está disponibilizando na mesma quantidade mantendo o volume no piso.	Hidro: 8, Cremes: 11
TURNO 3	17/08/2025 06:13:11	Sem PNP Creme / Hidro	N/A	N/A	Controlado. Com paletes pendentes de separação, e direciona para o FIFO.	Controlado. Com paletes pendentes de separação, e direciona para o FIFO.	Atuamos, controlado.	Controlado.	Contamos 2 itens (38 paletes), estão pendente de liberação pelo controle de estoque.	Controlado.	340690: Abastecido / 340692: 4 Paletes aguardando desbloqueio .	3751,27			Hidro: 7, Cremes: 10
TURNO 1	18/08/2025 13:57:15	Sem PNP Creme / Hidro	N/A	N/A	controlada		Atuando	controlado	27 contado	controlado	340692 abastecendo material no FiFo da H4,   340519 em descida	Atuando	sem solicitação	3 HC em treinamento NR11	Hidro: 8, Cremes: 11
TURNO 2	18/08/2025 22:00:52	Sem PNP Creme / Hidro	N/A	N/A	Esteira e piso com baixa demanda	Esteira e piso com baixa demanda	31 paletes reintegrados  4 paletes sem saldo reintegrados	Abastecido e organizado	6 itens no piso parcialmente conferidos pendente contar e liberar 11 itens pendente solicitar	Portas zeradas	340692 - Ordem abastecida 100% na H1 ✅ 340519  - Ordem abastecida 100% na H1 ✅ 340689 - Ordem seguindo para abastecimento na H1 ✅ 340688 - Ordem em descida para separação e abastecimento na H1 (Desbloqueada)🟡	Não atuamos	Sem demanda	Excesso de caixa de reuso no piso	Hidro: 9, Cremes: 10
TURNO 3	18/08/2025 06:11:40	Sem PNP Creme / Hidro	N/A	N/A	Controlado, com material pendente de separação e direciona para o FIFO.	Controlado, com material pendente de separação e direciona para o FIFO.	Atuamos controlado.	Controlado.	Contamos 7 itens. 4 itens no piso pendente de contagem.  Lista com 12 itens para o 1° turno solicita.	Atuamos controlado,  2 paletes para ser agrupado.	Retrabalho: 340688: Abastecida / 340691: Abastecida 340681/340520: Pendente separação e abastecimento, material na mista 2 (PA 81756)	15893		Dificuldade na gestão de caixa de reuso, temos 6 FIFOS na mista 3 (a fabrica não esta conseguindo consumi as caixas que então gerado,)	Hidro: 7, Cremes: 10
TURNO 1	19/08/2025 14:00:23	Sem PNP Creme / Hidro	N/A	N/A	Alta demanda	Baixa demanda	Controlado	Buffer HIDRO - abastecido. / BUFFER CREMES	Sem atuação, lista do 3t ainda em piso pendente contar	Controlado!	340683 Uc 70700000306576		SEM RIM	Maquina 16 com encaixe do carregador quebrado. Maquina aos cuidados de Vagner	Hidro: 8, Cremes: 11
TURNO 2	19/08/2025 21:45:48	Sem PNP Creme / Hidro	N/A	N/A	Esteira e piso com baixa demanda	Esteira e piso com baixa demanda	32 paletes reintegrados  1 palete sem saldo tratado e reintegrado 9 paletes aguardando criação de saldo	Abastecido e organizado	4 itens 25 paletes contados no T2 com 1 divergência - total de 3 itens contados e liberados  Lista com 4 itens 35 paletes para o 3T	Expansão, Cremes e Hidros com baixa demanda	340683 -  Abastecida na H1 ✅ 340516 - Abastecida na C8 ✅	Não atuamos	Sem demanda	Apesar do alto consumo no 2T ainda temos muitas caixas de reuso ocupando o piso As fábricas estão disponibilizando gaiolas para retirada na passagem de turno, impactando o início do turno que está chegando.	Hidro: 9, Cremes: 11
TURNO 3	19/08/2025 06:05:39	Sem PNP Creme / Hidro	N/A	N/A	Controlado. Com material pendente de separação e direciona ao FIFO.	Controlado. Com material pendente de separação e direciona ao FIFO.	Atuamos, controlado.	Atuamos controlado.	Contamos 6 itens, mas 5 gerou recontagem, o 1° turno vai  atuar. Deixamos lista com 10 itens de PA e 5 de ME .	Atuamos controlado.	340682: 4000086868 / 997126765(Aguardando desbloqueio da qualidade)	24687,54			Hidro: 8, Cremes: 10
TURNO 1	20/08/2025 14:04:16	Sem PNP Creme / Hidro	N/A	N/A	Controlada.	Controlada.	Atuamos na fábrica e nos matérias sem saldos.	Controlado.	Contamos 7 itens. Lista Pronta para 2º turno - 9 Itens de PA com 115 Paletes.	Controlado.	Sem Solicitação.	Atuamos nas tarefas pendentes e campos transitórios.	Sem Solicitação.	Tivemos a troca da sequencia de OP 500667 para 1615241 da linha C7. Maquina ERE 12 em manutenção.	Hidro: 9, Cremes: 11
TURNO 2	20/08/2025 22:07:19	Reportar PNP	Linha: C1 | Tempo: 44min | Peças: 200 | Resp: Logística	[C1]: Houve uma solicitação de antecipação não atendida para a linha C1 Ao assumir o turno recebemos o pedido de ajuda do industrial e atuamos de imediato no envio dos ME’s. Porém houve uma falha na separação do Rotulo verso que foi entregue no repacking com o saldo preso no recurso do conferente.  Atuamos e entregamos o saldo para confirmação na PSA as 14:44.	Esteira e piso com alta demanda	Esteira com baixa demanda, piso com pendencias de separação e excesso da C2	04 pallets de colmeia aguardando criação de saldo. 01 pallet colmeia reintegrado 01 pallet não apontado aos cuidados de hidro 01 pallet aguardando criação de saldo  04 pallets aguardando criação de saldo para reativa de ccme.  07 pallets aguardando retirada para o novo armazém.  06 pallets aguardando para ser inseridos no armazém novo 29 Pallets reintegrados.	Abastecido e organizado	0 itens contados da lista de 4 itens com 45 paletes (em descida) 13 itens de PA liberados pelo time de CE para o 3t e 1t atuar Lista com 8 itens de PA para o 3T gerada pelo 2T para solicitar (validada a criação de saldo em 1ab contagem)	Expansão zerada Cremes com paletes apontados no final do turno Hidros com paletes apontados no final do turno	Sem demanda	23 ITENS - R$106.780,4  (RANGERS 0 > 5 e 6 > 15)	Sem demanda	Devido a alta demanda de retirada na expedição, hidros e cremes tivemos dificuldade na descida dos 45 paletes da lista com 4 itens de PA Alta demanda de 3AB, controlamos o passivo deixado pelo 1T, porém a demand seguiu alta	Hidro: 9, Cremes: 11
TURNO 3	20/08/2025 06:02:13	Sem PNP Creme / Hidro	N/A	N/A	Controlado.  Com paletes pendente de separação e direciona para o FIFO.	Controlado.  Com paletes pendente de separação e direciona para o FIFO.	Atuamos. Controlado.	Controlado.	Contamos 4 itens (48 paletes). Lista com 8 itens para solicita, mais a lista que o CE, ajustou para conta .	Atuamos controlado.					Hidro: 7, Cremes: 11
TURNO 1	21/08/2025 13:58:35	Sem PNP Creme / Hidro	N/A	N/A	Controlado.	Controlado.	Atuamos e Controlado.	Controlado.	Contamos 6 itens PA. ( Aguardando a liberação do CE para armazenagem ) • Lista com 12 itens para solicitar, mais a lista que o CE, ajustou para contar.	Tivemos parada de 1:30hs da Paletização. ( Manutenção e Rejeito ) Controlado!	340517 e 340676 Abastecida na H1	10 itens totalizando R$ 104.916,27 com os PRDs de 0 á 15 dias.	Sem Solicitação.	Maquina 21 em manutenção. Precisamos coletar todos os paletes vazios do industrial para enviar para o Recebimento.	Hidro: 9, Cremes: 11
TURNO 2	21/08/2025 22:11:17	Sem PNP Creme / Hidro	N/A	N/A	Piso e esteira com baixa demanda	Esteira com baixa demanda piso com pendencias de separação	Piso organizado✨ 04 pallets de colmeia aguardando criação de saldo.  01 pallet não apontado aos cuidados de hidro. 01 pallet aguardando criação de saldo  04 pallets aguardando criação de saldo para tratativa 35 Pallets reintegrados	Abastecido e organizado	4 itens contados da lista com 6 deixada pelo 1T (1 item não gerou documento) Lista com 6 itens 16 paletes deixada para o 3T(ja validados a criação de documento em 1AB contagem)	Zeramos o alto passivo deixado pelo 1T (devido parada da paletização) Expansão, porta de cremes e Hidros com baixa demanda	Sem demanda	29 ITENS - *R$53.413,36* - RANGERS 0 > 5 e 6 >15	Sem demanda	Passivo alto de 3AB atuamos e zeramos a demanda  Paletes no piso de contagem liberados para armazenagem	Hidro: 9, Cremes: 12
TURNO 3	21/08/2025 06:13:48	Sem PNP Creme / Hidro	N/A	N/A	Controlado. Com material pendente de separação e direciona para o FIFO.	Controlado. Com material pendente de separação e direciona para o FIFO.	Atuamos controlado.	Controlado .	Não atuamos.  Lista com 6 itens para o 1° turno .	Controlado.		R$ 5.856.29			Hidro: 7, Cremes: 10
TURNO 1	22/08/2025 13:58:59	Sem PNP Creme / Hidro	N/A	N/A	Controlado.	Controlado.	Atuamos e Controlado.	Controlado.	Lista Pronta para 2º turno de 6 itens de PA com 114 paletes.	Controlado.	Solicitar ordens de transformação para C4 - dar continuidade	Atuamos nos Campos transitório e nas tarefas pendentes.	Controlado.	Maquina 12 em Manutenção. TRANS 02 parado, em manutenção corretiva, previsão 14:00.	Hidro: 9, Cremes: 13
TURNO 2	22/08/2025 21:51:27	Sem PNP Creme / Hidro	N/A	N/A	Esteira e piso com baixa demand	Esteira com baixa demanda, piso com pendencias de separação	32 paletes reintegrados  6 paletes de badejas enviados para o novo armazem 4 paletes de colmeia aguardando criação de saldo 8 paletes para tratativa  4 paletes pendente de armazenamento	Abastecido e organizado	5 itens contados no 2T, pendente de liberação e armazenamento  Lista com 7 itens 35 paletes (baixa de estoque realizada pelo 2T) Lista com 4 itens 59 paletes (Gerada no 1T)  Total de 11 itens de PA deixado para o 3T solicitar e contar	Portas com baixa demanda (Industrial movimentando paletes no final do turno)	340668 -  Abastecido na H1 ✅ 340664 - Material no piso. Aguardando desbloqueio 🟡 (Limitante de 96 pcs)	19 ITENS R$ 91.512,47 RANGERS : 0 > 5, 16 > 30 e > 30	Sem demanda	Industrial Cremes movimentando paletes e gaiolas no final do turno Maquina 07 apresentando vazamentos novamente  Dificuldade de encontrar maquinas boas para operar 4 paletes na mista3 para inventario de CE (Item 427076.00 identificado)	Hidro: 9, Cremes: 12
TURNO 3	22/08/2025 06:15:55	Sem PNP Creme / Hidro	N/A	N/A	Controlado. Com material pendente de separação e aloca nos FIFOS.	Controlado. Com material pendente de separação e aloca nos FIFOS.	13 paletes pendente, de tratativa.	Controlado.	Contamos 7 itens, 3 estava com  divergência.  Lista com 4 itens para o 1 Turno, com 59 paletes.	Controlado.	ORDEM 340664 EM ABASTECIMENTO	10895,8	[PROJETO EXPLORER - RIM] - H3 às 4h00 de Segunda-feira (25/08).		Hidro: 7, Cremes: 10
TURNO 1	23/08/2025 14:01:53	Sem PNP Creme / Hidro	N/A	N/A	Controlado	Controlado	Controlado	Ambos abastecidos com oportunidade de TAMPA e Cx 51	8 itens de PA contados	Passivo na expansao apontado no final do turno.	Pendente desbloqueio 340662		Sem Rim		Hidro: 7, Cremes: 11
TURNO 2	23/08/2025 22:22:44	Sem PNP Creme / Hidro	N/A	N/A	Demanda controlada	Demanda controlada	30 paletes reintegrados  Piso mapeado para criação de saldo	Abastecido e organizado	6 itens de PA contados, aguardando liberação  4 itens de PA para solicitar no 3T	Baixa demanda nas portas	Ordem 340662 - abastecida na H1	40 ITENS - R$285.462,32 RANGER 0 > 5	Sem demanda		Hidro: 9, Cremes: 12
TURNO 3	23/08/2025 06:16:21	Sem PNP Creme / Hidro	N/A	N/A	Controlado. Material pendente de alocação no FIFO.	Controlado. Material pendente de separação e direciona para o FIFO.	Atuamos.   Passivo apontando no final do turno 8 paletes.	Controlado.	Não atuamos, piso cheio aguardado liberação.	Controlado.  Passivo de 5 paletes apontados no final do turno.		7856,58			Hidro: 8, Cremes: 11
TURNO 1	24/08/2025 13:52:25	Sem PNP Creme / Hidro	N/A	N/A	Controlado	Alta demanda	Atuação em 40 pallets	Ambos abastecidos, oportunidade em cx 51	6 itens contados	Passivo na expansão deixado no final do turno, demais saídas de 3AB com status controlado	sem retrabalho	Atuação em campos transitórios, valor financeiro ajustado - 66.756,82 2 Tarefas pendentes ajustadas	RIM para abastecer na H3 25/08 às 4AM	3 maquinas paradas. Maquina 21 e 23 nao habilitadas para partida, Maquina 05 - defeito cronico da bateria Passivo de pallets de contagem para inserir na mista3 e kanban da c7, fifo estrategicamente usado para contagem pois linha estava desprogramada.	Hidro: 8, Cremes: 11
TURNO 2	24/08/2025 22:07:46	Sem PNP Creme / Hidro	N/A	N/A	Esteira e piso com baixa demanda	Esteira e piso com baixa demanda	22 paletes reintegrados	Abastecido e organizado	Lista com 3 itens PA - 2 não criou documento 1 com divergência superior a 1%  Dificuldades na geração de lista PA	Portas com baixa demanda	340663 - Material no piso. Aguardando desbloqueio 🟡	Não atuamos	Sem demanda	Dificuldade em listar itens de PA para contagem  Industrial disponibilizando paletes e gaiolas na passagem de turnos	Hidro: 9, Cremes: 11
TURNO 3	24/08/2025 06:09:41	Sem PNP Creme / Hidro	N/A	N/A	Controlado. Com material pendente de separação e movimentação para o FIFO.	Controlado. Com material pendente de separação e movimentação para o FIFO.	Atuamos, controlado.	Controlado.	Atuamos nos paletes que estava no piso. Geramos uma lista para o 1° turno, com 63 paletes 4 itens.	Atuamos controlado.	Retrabalho:340663 - Abastecida	8568,67	[PROJETO EXPLORER - RIM] - Abastecida, pendente baixa. Paletes utilizados na Rim: 70700000077179 70700000273439,70700000294882,70700000294880,70700000294887,70700000510083,70700000403386	Dificuldade com a criação de lista para inventario.	Hidro: 7, Cremes: 11
TURNO 1	25/08/2025 14:04:27	Sem PNP Creme / Hidro	N/A	N/A	Controlado!	Controlado!	Controlado!	Controlado!	6 Itens de PA Contados.  Lista Pronta do 3º turno com 3 Itens de PA com 67 paletes.	Controlado! Oportunidade de agrupamento em frente ao fifos da H1 e H2	340665 Abastecido	Sem Informação	Sem Demanda.	Gaiolas Cheias disponibilizada no final de turno na área da expansão de cremes.	Hidro: 9, Cremes: 12
TURNO 2	25/08/2025 21:55:52	Sem PNP Creme / Hidro	N/A	N/A	Esteira e piso com baixa demanda	Esteira e piso com baixa demanda	03 pallets de colmeia aguardando criação de saldo.  01 pallet aguardando criação de saldo  15 pallets aguardando criação de saldo para reativa de ccme.  39 Pallets reintegrados.	Abastecido e organizado	3 itens - 42 paletes contados de PA Lista com 13 itens de PA para o 3T (6 foram ajustados pelo time de CE)	Expansão - baixa demanda Cremes - baixa demanda  Hidros - baixa demanda	Sem demanda	R$54.214,60 - 12 ITENS - RANGERS: 0 > 5, 16 > 30	Sem demanda	Escassez de gaiolas, fluxo demorado na liberação  Contagem liberada para armazenar	Hidro: 9, Cremes: 12
TURNO 3	25/08/2025 05:59:16	Sem PNP Creme / Hidro	N/A	N/A	Controlado.  Paletes pendentes de separação e direciona para o FIFO.	Controlado.  Paletes pendentes de separação e direciona para o FIFO.	Atuamos, controlado.	Controlado.	Contamos 4 itens (34 paletes ) pendentes de liberação.  Lista com 8 itens para o 1° turno (166 Paletes).	Atuamos controlado.  Passivo apontando no final do turno		10987,59			Hidro: 7, Cremes: 11
TURNO 1	26/08/2025 14:01:32	Sem PNP Creme / Hidro	N/A	N/A	Controlado.	Controlado.	Atuamos e controlado. Todos os materiais sem saldos se encontram planilhados, aguardando a criação de saldo.	Controlado.	Oportunidade dos 2 itens com 25 paletes que descermos, não gerou documento de contagem.  Com isso não contamos e não tivemos tempo hábil para solicitar os demais itens da lista. Lista pronta deixada pelo 3º turno com 6 itens de PA.	Controlado	Sem demanda.	Atuamos em campos transitórios 18 itens totalizando R$ 19.174,80, tarefas pendentes e recursos presos.	Sem demanda.	Máquina 21 sem funcionamento, não carrega, encontra-se no carregador da separação, técnico Vagner ciente.	Hidro: 9, Cremes: 13
TURNO 2	26/08/2025 22:11:03	Sem PNP Creme / Hidro	N/A	N/A	Piso e esteira com baixa demanda	Piso e esteira com baixa demanda	Atuamos. sem registro devido direcionamento do hc para contagem	Abastecido e organizado	2 itens - 40 paletes contados 9 itens de PA para o 3T solicitar (baixa de ce)	Portas com baixa demanda Paletes na expansão disponibilizados no final do turno	Sem demanda		Sem demanda	Realizar baixa de saldos para liberação de itens para contagem nos 3 turnos	Hidro: 9, Cremes: 13
TURNO 3	26/08/2025 06:03:13	Sem PNP Creme / Hidro	N/A	N/A	Controlado.   Com material pendente de separação e direciona para os FIFOS.	Controlado.   Com material pendente de separação e direciona para os FIFOS.	Atuamos, controlado.	Controlado.	Contamos 5 itens.   4 itens para o 1° turno solicita.	Atuamos controlado.		R$ 75.488.99			Hidro: 7, Cremes: 11
TURNO 1	27/08/2025 14:02:46	Sem PNP Creme / Hidro	N/A	N/A	Controlado	Controlado - Piso Parcial em processo de pintura.	Atuamos e controlado. ( Aguardando saldos serem criados )	Controlado. Oportunidade buffer de Hidro 51 e tampa já solicitado para novo galpão.	Contamos 3 Itens de PA. ( Aguardando a Liberação ) 1 Item no piso pendente de contar. Lista Pronta com 3 itens de PA para o 2º turno.	Controlado. Paletes de Hidro disponibilizado no final de turno.	1615816 e 1615817 (No piso da C4 para abastecimento)	Atuamos nas Tarefas Pendentes e Recusos.	Sem demanda.	Descemos materiais de oportunidade de agrupamento de colmeias, no fifo da H9. Priorizamos a solicitação do trans e o abastecimento de caixas de REMONTADAS.	Hidro: 9, Cremes: 13
TURNO 2	27/08/2025 22:11:54	Sem PNP Creme / Hidro	N/A	N/A	Controlado.	Material separado	Atuamos	Abastecido	Contamos 2 itens de PA - 31 paletes. Lista com 14 itens de PA para o turno da noite	Controlado	340708 abastecido	Sem informação	H6 separada aguardando centro de custo para baixa		Hidro: 8, Cremes: 11
TURNO 1	28/08/2025 14:06:36	Sem PNP Creme / Hidro	N/A	N/A	Controlado, passivo de pallets de estojo e colmeias para agrupar	Alta demanda		Oportunidade para ambos os buffer em tampa para cx master e tabuleiro, solicitação deixada para o time do galpão atuar. Caixas 52 de reuso em descida para abastecimento do buffer de hidro	2 itens de PA contados	Controlado	Sem retrabalho	Atuação em 18.127,87 em campo transitório	Sem demanda	Zona mista3 em processo de pintura Mista 2 e fifo h9 com pallets de MAE para compactar.	Hidro: 9, Cremes: 11
TURNO 2	28/08/2025 22:01:52	Sem PNP Creme / Hidro	N/A	N/A	Esteira controlada, mista combateriam para separação	Controlado.	Atuamos / mesmo HC da contagem	Abastecido	Descemos 2 itens com 31 paletes porém já estavam contados. Solicitamos 1 item 29 paletes contado	Atuação com HC do abastecimento de tanto para cremes quanto para Hidro	340711 - Abastecido  340710 - sem saldo físico  340712 - saldo de 35 pc opção de não abastecer do industrial	16 itens 14.952,31 - Hidro 12 itens 19.242,64 - Creme	Sem demanda	H4 - 1614950 rodando com separador fragmentado. Colmeia da ordem altura não comporta.  H9 - Rodando com divisórias dos frascos.  2 HC emprestados / sendo 1 armazém e 1 MP  Contamos com 01 HC de 15/h as 17:14 da expedição para atuação em 3AB	Hidro: 8, Cremes: 10
TURNO 1	29/08/2025 14:03:39	Sem PNP Creme / Hidro	N/A	N/A	Controlado	Controlado	Atuamos na reintegração e na organização da área.  Controlado.	Controlado	Tivemos dificuldade no espaço físico.  - Item 748692 com 30 paletes deixado pelo 2º e 3º turno que fez recontagem, aguardando CE para ajuste e liberação. - 3º turno deixou 2 itens com 32 paletes para contagem.  - Porém foi encontrado divergências altas, ajustamos e armazenamos. - 1 Item (750172) no piso para contagem. - Lista pronta com 9 itens.	Controlado nas demais áreas. Oportunidade na expansão de cremes.	Sem demanda.	Atuamos em 13 itens totalizando R$ 60.165,04	Sem demanda.	Maquina 21 em manutenção. Tivemos parada no trans 05 para manutenção e limpeza 10:30 ás 12:30	Hidro: 9, Cremes: 11
TURNO 2	29/08/2025 21:57:32	Sem PNP Creme / Hidro	N/A	N/A	Rampa controlada Mista com paletes separados	Controlado  Rampa vazia  Mista com paletes a separar e separados	N/A	Abastecido / Controlado	02 itens de PA -  51 paletes contados e armazenados.  Lista disponível para o 3 T ( 8 itens )	Cremes - 1 palete  Hidro  - 3 paletes  Expansão- passivo de fim do turno 4 paletes em apontamento problema na esteira da C2.	Sem atuação. Não houve solicitação	Cremes - 18.409,28 - 6 itens  Separacao - 3.193,94 - 2 itens  Hidro - 138.362,20 - 14 itens	P&D Gifts material no piso aguardando informar quantidade para baixa sistêmica	02 HC atestado.	Hidro: 8, Cremes: 11
TURNO 1	30/08/2025 13:59:32	Sem PNP Creme / Hidro	N/A	N/A	Controlado	Controlado	Atuamos, piso cheio, pendente de armazenar.	Controlado	Não contamos! Piso cheio pendente de armazenar dos paletes do 3º turno. Lista Pronta de 14 itens com 28 paletes de PA, para 2º turno.	Alta Demanda.	Sem Demanda.	Sem Informação.	Sem Demanda.	Falha na Esteira da Separação, impossibilitado de armazenar e solicitar. Solicitar a descida manual dos materiais de ordens na EXPEDIÇÃO.	Hidro: 9, Cremes: 13
TURNO 1	31/08/2025 14:05:32	Reportar PNP	N/A	N/A	Controlado	Controlado	Controlado	Ambos abastecidos.	21 itens de PA contados já liberados no fifo de contagem para inserir no trans.	Sem demanda de 3ab no fim do turno.	340734 - retrabalho de cremes em descida PRG03	Atuação em 30 tarefas pendentes acima de 2 dias de todas as áreas e turnos da logística. Campo transitório R$ 159.147,92 ajustado ranger acima de 3 dias até 16 e passivo de tarefas em aberto.	Sem rim	PNP C09 11h às 12h em analise da causa real. Impacto de 548 peças.	Hidro: 9, Cremes: 11
TURNO 3	31/08/2025 06:00:17	Sem PNP Creme / Hidro	N/A	N/A	Controlado.  Com material pendente de separação e direciona para o FIFO.	Controlado.  Com material pendente de separação e direciona para o FIFO.	Atuamos controlado.	Controlado .	Piso limpo.   Lista com 10 itens de ME para o 1° turno (36 paletes) .	Atuamos controlado.	Op retrabalho 340728 - Abastecer na C5	9894,69			Hidro: 7, Cremes: 10
TURNO 1	01/09/2025 13:58:41	Sem PNP Creme / Hidro	N/A	N/A	Controlado.	Controlado.  ( Piso parcialmente em processo de pintura )	Atuamos e Controlado.  ( Hidro disponibilizou tudo de vez  todos os matérias que estavam pendentes )	Controlado e organizado.	Contamos 7 itens. Lista pronta com 10 Itens para 2º turno.	Controlado.	340733 retrabalho aguardando o desbloqueio.	14 itens, totalizando R$ 110.966,97, PRD 0<5. HIDRO 10 itens, totalizando R$ 34.651,00, PRD 0 > 5. CREMES	Sem demanda.	Tivemos dificuldade na disponibilizada de gaiolas vazias. Maquina 06 parada com erro, sinalizado para Vagner.	Hidro: 8, Cremes: 12
TURNO 2	01/09/2025 22:08:36	Sem PNP Creme / Hidro	N/A	N/A	Material separado / distribuir nos fifos / rampa controlada	Rampa controlada / material separado e para separar	Atuação e organização	Abastecido e organizado	10 itens / 29!paletes no piso aguardando liberação	Controlado para as 3 portas	340733 separado	21 itens - 94.842,37 rang. 0>5	Rim H8 - no piso aguardando disponibilidade para abastecimento; Rim H6 - material separado / realizado baixa sistêmica aguardando para abastecimento	Iniciamos o turno com Máquina 6 - parada apresentando erro	Hidro: 8, Cremes: 11
TURNO 3	01/09/2025 06:09:04	Sem PNP Creme / Hidro	N/A	N/A	Controlado. Com material pendente de separação e envio para os FIFOS .	Controlado. Com material pendente de separação e envio para os FIFOS .	Atuamos controlado.	Controlado.	Contamos 10 itens . Lista com 10 itens .	Controlado.	340733: Pendente Abastecimento	7576,9	RIM  PROJETO MISS DAISY - H8 às 4h00 de Terça-feira (02/09). Material no piso disponivel para abastecimento -(Abastecido)		Hidro: 7, Cremes: 11
TURNO 1	02/09/2025 13:35:56	Sem PNP Creme / Hidro	N/A	N/A	Controlado	Controlado. Piso reduzido, em processo de pintura de piso.	Controlado.	Controlado.	Contamos 5 itens. ( Aguardando a validação e a liberação do CE  ) Lista pronta de 7 itens para 2º turno.	Controlado.	340733: Pendente Abastecimento ( ordem 340743 Aguardando desbloqueio  70700000472014	3 Itens de Hidro totalizando R$ 13.4272,05 Tratativa de todos os recusos do 1º turno da separação.	Sem Demanda.	Maquinas 06 e 21 Em Manutenção. Tivemos dificuldade na disponibilidade de gaiolas vazias. Tratativa de todos os recusos do 1º turno da separação.	Hidro: 8, Cremes: 13
TURNO 2	02/09/2025 21:58:17	Sem PNP Creme / Hidro	N/A	N/A	Esteira zerada / mista com material de rim para separar	Esteira controlada / material para separação	Atuação / controlado	Abastecido	7 itens / 37 paletes aguardando liberação  2 itens com divergência para recontagem	Controlado para as 3 portas	340733 - separado  Válvula no piso mista aguardando desbloqueio (340743)	50.329,61 - 11 itens	H3 p/ 04/H de 03.09 Material na mista 2 para separação	Dificuldade com gaiolas no início e durante o turno; Ordem da H4 no FIFO da H7 quebra do sequenciamento durante ativação.	Hidro: 7, Cremes: 10
TURNO 3	02/09/2025 06:02:46	Sem PNP Creme / Hidro	N/A	N/A	Controlado.  Com material pendente de separação e envio para o FIFO.	Controlado.  Com material pendente de separação e envio para o FIFO.	Atuamos controlado.	Controlado.	Contamos 10 itens.	Atuamos controlado.	Op retrabalho 340728 - Abastecido, cobrar confirmação na psa ao time do retrabalho.  340733: Pendente Abastecimento/ Ordem 340743 Abastecido.	66260,34			Hidro: 8, Cremes: 11
TURNO 1	03/09/2025 14:02:21	Sem PNP Creme / Hidro	N/A	N/A	Controlada.	Controlada.	Atuamos e Controlado.  ( Solicitamos e atribuímos matérias sem saldos e criados )	Controlado.	Contamos 14 itens de PA. Lista pronta de 10 Itens de PA.	Controlado.	Sem demanda.	Atuação de Tarefas pendentes, recursos e campos transitório. 5 itens de HIDRO, totalizando R$ 34.379,04.	Sem demanda.	Maquinas 06 e 21 Em Manutenção.  Tivemos a limpeza do PIG e PRG da Separação. Atuação e zerado de todos os recursos da Separação do 1º turno.	Hidro: 8, Cremes: 13
TURNO 2	03/09/2025 22:01:26	Sem PNP Creme / Hidro	N/A	N/A	Esteira controlada. Material separado na mista	Esteira controlada. Mista com material separado + a separar	Atuação / organização. Piso controlado	Abastecido 100%	9 itens contados sendo 03 PA e  06 ME.  Lista com 07 itens de PA para o 3T solicitar	Controlado para as 3 portas	N/A	0 no recurso de hidro. Itens de hidro alocados na ordem da H1. 3 paletes de frasco.	Rim H7 abastecida.		Hidro: 7, Cremes: 10
TURNO 3	03/09/2025 05:57:49	Sem PNP Creme / Hidro	N/A	N/A	Controlado. Com material pendente de separação, e alocação no FIFO.	Controlado. Com material pendente de separação, e alocação no FIFO.	Atuamos controlado.	Controlado.	Contamos 7 itens.  Lista com 11 itens para o 1° Turno.	Controlado.	340695: Aguardando desbloqueio, paletes na zona mista. Ordem 1615819 em abastecimento na C4 - Ordem de transformação	30075,5			Hidro: 7, Cremes: 10
TURNO 1	04/09/2025 14:07:34	Sem PNP Creme / Hidro	N/A	N/A	Controlado.	Controlado.	Controlado e atuação nos materiais sem saldos.	Controlado.	Contamos 8 itens de PA. ( Item 70669 aguardando a liberação do CE ) Lista pronta de 11 itens para 2º turno.	Controlado.	340695:Abastecido parcialmente e paletes na zona mista aguardando desbloqueio da qualidade	Atuamos em tarefas pendentes campos transitórios e recursos. ( 52 itens, totalizando R$ 22.5384,31	RIM FILME H6 70700000439838 / 70700000485229	Maquinas 06 e 21 Em Manutenção. Tivemos evacuação no final de turno.	Hidro: 7, Cremes: 13
TURNO 2	04/09/2025 21:54:43	Sem PNP Creme / Hidro	N/A	N/A	Controlado Material pendente de separação / e distribuição nos FIFOS	Controlado material pendente de separação e distribuição nos FIFOS	Controlado / material armazenado	Abastecido hidro / cremes	10 itens ME - contados; Lista de 14 itens para o 3T ( 07 PA e 07 ME)	Controlado para as 3 portas.	340695 - 2 paletes na mista 2 para abastecimento. Dar continuidade nos desbloqueios	9.325,74 - Cremes  N/A - tarefas pendente em recursos.	Rim H6 - separado (70700000534571) aguardando centro de custo para baixa sistemica		Hidro: 7, Cremes: 10
TURNO 3	04/09/2025 06:07:59	Sem PNP Creme / Hidro	N/A	N/A	Controlado. Com material pendente de separação e direciona para o FIFO.	Controlado. Com material pendente de separação e direciona para o FIFO.	Atuamos controlado.	Controlado.	Contamos 8 itens. 11 itens para o 1° turno .	Controlado.	340695:Abastecido parcialmente / disponível para abastecimento 02 paletes.	10954			Hidro: 7, Cremes: 11
TURNO 1	05/09/2025 14:07:07	Sem PNP Creme / Hidro	N/A	N/A	Controlado.	Controlado.	Controlado.	Controlado.	5 ITENS CONTADOS - ( 413503.00 no piso pendente de contar ) Armazenamento da lista do 3º turno. Lista Pronta de 11 Itens para 2º turno.	Controlado	340695:Abastecido parcialmente.	Atuação Tarefas e Recursos	Sem Demanda.	Alteração no sequenciamento da linha C8 irá rodar 810771, em seguida prosseguir com a 1615951.	Hidro: 8, Cremes: 12
TURNO 2	05/09/2025 21:58:37	Sem PNP Creme / Hidro	N/A	N/A	Esteira cheia. Paletes separados, pendente separação e distribuição nos fifos.	Controlado  Material separado, pendente separação e alocação nos fifos	Atuação / controlado	Abastecido	7 itens contados.  Lista com 32 itens de ME para 3T solicitar	Controlado para as 3 portas	340695 - 2 paletes para abastecimento  04 paletes em descida / solicitar desbloqueio	R$ 146.848,96 itens preso em recursos tratados. Sem pendências para separação nos saldos presos em recursos.	N/A		Hidro: 8, Cremes: 9
TURNO 3	05/09/2025 06:14:06	Sem PNP Creme / Hidro	N/A	N/A	Controlado.  Com material pendente de separação, e alocação nos FIFOS.	Controlado.  Com material pendente de separação, e alocação nos FIFOS.	Atuamos, controlado.	Controlado.	Contamos 2 itens.   Lista com 4 itens em descida, e 29 itens para ser solicitado .	Controlado.	340695: Abastecido Parcialmente -  Pendente abastecer paletes na zona mista .	18384,97			Hidro: 7, Cremes: 10
TURNO 1	06/09/2025 13:58:03	Sem PNP Creme / Hidro	N/A	N/A	Controlado	Controlado	Controlado	Abastecidos. Buffer de cremes com oportunidade em caixarias P,M,G - solicitação deixada para galpao	12 itens contados	Controlado para as 3 portas	Sem demanda		Sem demanda	Lista de contagem deixada pro 2t atuar Pallets no fifo de contagem liberados para inserir	Hidro: 8, Cremes: 7
TURNO 2	06/09/2025 21:55:59	Sem PNP Creme / Hidro	N/A	N/A	Mista organizada. Paletes aguardando retirada para o fifo.	Mista organizado. Paletes aguardando retirada para o fido.	28 reintegrados 4 aguardando inserção de trans. 1 bobina aguardando a movimentação para o galpão novo. 4 paletes aguardando a criação de saldo.	Buffer completo.	Materiais contados, aguardando liberação.	3ab controlado.	4 paletes no piso para ser retrabalho na segunda-feira no 1º turno.	19 itens  R$ 75.834,12	Não teve		Hidro: 9, Cremes: 8