Turno	Data e hora	Pallets expedidos	Total de cargas	Em descida	Zona mista	Piso novo armazém	Fifo 1	Fifo 2	Fifo 3	Fifo 4	Fifo 5	Observação	Responsável
TURNO 1	06/08/2025	332	8	* REGISTRO * DEVOLUÇÃO * 04 PALLETS PARA INVENTÁRIO		* DEVOLUÇÃO RÓTULO - AG. COLETA * DEVOLUÇÃO MP - AG. COLETA * ADER. PARANÁ (898824739) 05.08 - PEND. TM * ADER. REGISTRO (898824692) 05.08 - PEND. TM * 04 PLTS VARGINHA - FIFO5A (AGUARDANDO RESTANTE DO MAPA)  * DEVOLUÇÃO FILME EM DESCIDA	* REGISTRO - PEND. CRIAR REMESSA * DEDUTÍVEL PAPEL E PA NÃO INFLAMÁVEL -SEPARADO * FPLOG - PEND. FATURAR	* DEVOLUÇÃO - EM DESCIDA * REGISTRO - PEND. CRIAR REMESSA	* SGC 898832842 - PEND. TM * AD. SGC 05/08 898833258 - PEND TM	* F1 - 47 PLT FIFO 4 - PEND. CRIAR REMESSA	* F1 - PEND. ESTORNO	* 04 PLTS INVENTÁRIO EM DESCIDA - ITEM 415041.00  * PEND. MAPEAR ADERÊNCIA SGC 06/08  * ATUAÇÃO EM CAMPO TRANSITÓRIO E TAREFAS  * DEVOLUÇÕES EM DESCIDA	Sandy Santos
TURNO 2	06/08/2025	641	19	REGISTRO 06/08 VARGINHA 06/08 AD SGC 06/08 DEVOLUÇÃO	DEVOLUÇÃO - 4 PALETES SEPARADOS E 1 PALETE PARA SEPARA DEVOLUÇÃO RÓTULO - AG. COLETA DEVOLUÇÃO MP - AG. COLETA ADER. PARANÁ (898824739) 05.08 - PEND. TM 04 PLT INVENTÁRIO - 415041.00	ZERADO	VARGINHA FINALIZADO - PENDENTE CRIAR REMESSA 04 PLTS VARGINHA - FIFO5A (AGUARDANDO RESTANTE DO MAPA) - CRIAR REMESSA DEDUTÍVEL PAPEL E PA NÃO INFLAMÁVEL -SEPARADO FPLOG - PEND. FATURAR	DEVOLUÇÃO EM SEPARAÇÃO AD SGC 06.08 EM DESCIDA	VARGINHA FINALIZADO - PENDENTE SPLIT  REGISTRO EM DESCIDA	F1 - PENDENTE CRIAR REMESSA F1 - PENDENTE CONTINUAR CARREGAMENTO  F1 - 1 FILEIRA SEPARADA NO FIFO 5  F1 - 1 FILEIRA PARA ESTORNAR	F1 - EM CARREGAMENTO F1 - 2 FILEIRAS SEPARADAS NO FIFO 5 SISTEMICO	AREA DE DIVERGENCIA TEMOS 11 PALETES DE SOBRA DE VARGINHA - PENDENTE CRIAR REMESSA PENDENTE SOLICITAR A DESCIDA DE PARANÁ 06/08 PENDENTE MAPEAR AD DO DIA 06/08 PENDENTE CRIAR LISTA DO DIA 07/08: PARANÁ, SGC, REGISTRO,	Beatriz Suzart
TURNO 3	07/08/2025	312	11	* AD. VARGINHA 06/07  * AD. REGISTRO 06/07	* DEVOLUÇÃO - 4 PALETES SEPARADOS E 1 PALETE PARA SEPARA * DEVOLUÇÃO RÓTULO - AG. COLETA * DEVOLUÇÃO MP - AG. COLETA * ADER. PARANÁ (898824739) 05.08 - PEND. TM * 03 PLT INVENTÁRIO - 415041.00 (INVENTARIADO)	* BANDEJA - PENDT ATUAÇÃO DA PIZZATTO E NOTA FISCAL	* DEDUTÍVEL PAPEL E PA NÃO INFLAMÁVEL -SEPARADO * FPLOG - PEND. FATURAR * DEVOLUÇÃO - LIBERADA PELA QUALIDADE  *AD. PARANÁ 06/08 - PENDENTE SEPARAR  * SOBRA PARANÁ 06/08 - SEPARADA (SIST: FIFO1A) - PENDET CRIAR REMESSA	* AD SGC 06/08 - PENDT SPLIT  *AD. PARANÁ 06/08 - PENDENTE SEPARAR	* AD REGISTRO 06/08 (898824692, 898849379, 898849948) - PENDT TM  * VARGINHA (898849881) - PENDENT CARREGAR	* F1 - CARGA FATURADA AGUARDANDO BAÚ -  (898849599)  * F1 - CARGA FATURADA AGUARDANDO BAÚ -  (898849578)	* F1 - CARGA AGUARDANDO DESBLOQUEIO DA QUALIDADE  * F1 - PENDET. ESTORNO	* PENDENTE CRIAR LISTA DO DIA 07/08: SGC E REGISTRO * PENDENTE SOLICITAR PARANÁ E VARGINHA 07/08	Nicolly Araujo
TURNO 1	07/08/2025	419	10	VARGINHA	SJP MP REMESSA 898841384 ESTJ - PEND. ESTORNO PLT DIVERGENTES DEVOLUÇÃO RÓTULO - AG. COLETA DEVOLUÇÃO MP - AG. COLETA		* DEDUTÍVEL PAPEL -SEPARADO * FPLOG - PEND. SEPARAR BUFFER * DEVOLUÇÃO - AG. NF  * VARGINHA - EM SEPARAÇÃO	* VARGINHA AD. 06/08 - EM SEPARAÇÃO * REGISTRO AD. 06/08 - PEND. CRIAR REMESSA 15 UCS * AD REGISTRO 06/08 (898824692, 898849379, 898849948) - PENDT TM * FPLOG	* VARGINHA AD. 06/08 - EM SEPARAÇÃO	F1 LOGIC - 898857882 - FATURADA EM CARREGAMENTO (PEND. PASSAR E-MAIL) PLTS ESTORNADOS / PEND. ESTORNO	F1 - PEND. CRIAR REMESSA	LISTA MAPA 07/08 - CRIADA  CARREGAMENTO DEDUTÍVEL - PA NÃO INFLAMÁVEL  01 NF COM ERRO - TU NÃO INTEGRA NO EWM 4000220738 -  SOLICITADO - ENVIAR NA PRÓXIMA CARGA LOGIC	Sandy Santos
TURNO 2	07/08/2025	790	22	SGC 07.08	SJP MP REMESSA 898841384 ESTJ - PEND. ESTORNO PLT DIVERGENTES DEVOLUÇÃO RÓTULO - AG. COLETA	ZERADO	DEDUTÍVEL PAPEL -SEPARADO FPLOG - PEND. SEPARAR BUFFER DEVOLUÇÃO - AG. NF VARGINHA 07/08 - EM CARREGAMENTO SGC 07/08 - EM DESCIDA / SEPARAÇÃO - ETIQUETA LARANJA	SGC 07/08 - EM CARREGAMENTO  SGC 07/08 - EM DESCIDA / SEPARAÇÃO - ETIQUETA LARANJA	SGC 07/08 - AGUARDANDO SUBIR CARGA	F1 - EM CARREGAMENTO F1 - FIFO4 - PENDENTE CRIAR REMESSA F1 - 2 FILEIRAS PENDENTE ESTORNAR	F1 - PENDENTE ESTORNAR	* PENDENTE CRIAR LISTA DO MAPA 08/08  * PENDENTE MAPEAR AD VARGINHA 07.08 * PENDENTE SOLICITAR A DESCIDA DE REGISTRO E PARANÁ 07/08 * 01 NF COM ERRO - TU NÃO INTEGRA NO EWM	Beatriz Suzart
TURNO 3	08/08/2025	280	7	* ADERÊNCIA SGC 07/08 * REGISTRO 07/08 * 03 PLTS ADERÊNCIA DE VARGINHA 06/07 * 01 PALETE ADERÊNCIA DE PARANÁ 06/07	* DEVOLUÇÃO RÓTULO - AG. COLETA * SJP MP REMESSA 898841384 * PLTS DIVERGENTES * DEVOLUÇÃO DE FILME - AG. AJUSTE DE NOTA	ZERADO	* DEDUTÍVEL PAPEL -SEPARADO * FPLOG - PEND. SEPARAR BUFFER	* REGISTRO 07/08 - EM DESCIDA E SEPARAÇÃO (12 PLTS SEPARADO NO FIFO2A)	* REGISTRO 07/08 - PENDET CRIAR REMESSA (Sist: FIFO 03)  * ADERÊNCIA DE VARGINHA 07/08 - PENDET CRIAR REMESSA (Sist FIFO 3A)	* F1 - CARGA FATURADA AGUARDANDO BAÚ (898871263) * F1 - 34 PALETES SEPARADOS NO FIFO 04	* F1 - CARGA SEPARADA - PENDT CRIAR PEDIDO/ REMESSA (Sist: FIFO5)	* PENDENTE CRIAR LISTA DO MAPA 08/08 * PENDENTE SOLICITAR A DESCIDA DE PARANÁ 07/08 * 01 NF COM ERRO - TU NÃO INTEGRA NO EWM * DEVOLUÇÃO - AG. NF (CARREGADA - DFP1B09) * F1 - 30 PALETES PARA ESTORNAR NO PISO DO RECEBIMENTO	Nicolly Araujo
TURNO 1	08/08/2025	460	10	AD. REGISTRO 07/08  EXPORTAÇÃO 06/08 FPLOG	AD. SGC 07/08 898876572 - PEND. TM  * DEVOLUÇÃO RÓTULO - AG. COLETA * SJP MP REMESSA 898841384 * PLTS DIVERGENTES * DEVOLUÇÃO DE FILME - AG. AJUSTE DE NOTA	VAZIO	FPLOG - EM DESCIDA PARANÁ 07/08 - EM SEPARAÇÃO (FIFO 3)  DEDUTÍVEL PAPEL -SEPARADO	EXPORTAÇÃO - EM DESCIDA PARANÁ - PEND. CRIAR REMESSA	* REGISTRO AD. 07/08 - EM SEPARAÇÃO  * ADERÊNCIA DE VARGINHA 07/08 - PEND TM * ADERÊNCIA DE VARGINHA 06/08 - PEND CRIAR REMESSA	F1 - 2 CARGAS PEND CRIAR REMESSA  F1 - FATURADA 898876179 - EM CARREGAMENTO	F1 - PLT PEND. ESTORNO	F1 NO RECEBIMENTO - PLT PEND. ESTORNO  LISTA REGISTRO E PARANÁ - MAPA 08/08 CRIADA PEND. MAPEAR AD. PARANÁ 07/08 EXPORTAÇÃO 06/08 - EM DESCIDA	Sandy Santos
TURNO 2	08/08/2025	724	23	SGC 08.08	AD. SGC 07/08 898876572 - PEND. TM SOBRA DE VARGINHA 08.08 - PEND SEPARAÇÃO DEVOLUÇÃO RÓTULO - AG. COLETA SJP MP REMESSA 898841384 PLTS DIVERGENTES DEVOLUÇÃO DE FILME - AG. AJUSTE DE NOTA	ZERADO	DEDUTÍVEL PAPEL -SEPARADO FPLOG - PEND SEPARAR  SOBRA DE REGISTRO 08/08 - PEND SPLIT 898891642	EXPORTAÇÃO - PEND FATURAR 898838417 PARANÁ - PEND TM	VARGINHA  - PEND SEPARAÇÃO AD REGISTRO 06 e 07 - PEND SEPARAÇÃO REGISTRO 08/08 - PEND SEPARAÇÃO	F1 - CARGA PRONTA - PEND REMESSA E REMONTAR F1 - 2 FILEIRAS EM EXPEDE F1 - 1 FILEIRA PEND ESTORNO	F1 - PEND ESTORNO	LISTA 08.08 CRIADA SOLICITAR A DESCIDA DE PARANÁ 08.08 MAPEAR ADERENCIA DE REGISTRO E PARANÁ 07.08 MAPEAR ADERENCIA DE REGISTRO 08.08 CRIAR LISTA 09.08	Beatriz Suzart
TURNO 3	09/08/2025	269	6	AD. PARANÁ 07/08	* AD. SGC 07/08 898876572 - PEND. TM * ADERÊNCIA  VARGINHA 07.08 - PENDT. TM (898897075) * DEVOLUÇÃO RÓTULO - AG. COLETA * SJP MP REMESSA 898841384 * PLTS DIVERGENTES * DEVOLUÇÃO DE FILME - AG. AJUSTE DE NOTA	ZERADO	* DEDUTÍVEL PAPEL -SEPARADO * FPLOG - PEND SEPARAR * ADERÊNCIA PARANÁ 07/08 - EM DESCIDA	SGC (898896814 / 898896900)  - EM CARREGAMENTO	VAZIO	* F1 - CARGA FATURADA AGUARDANDO BAÚ (898896584)  * 34 PLTS - ESTORNADOS NO EXPEDE	* F1 - CARGA AGUARDANDO DESBLOQUEIO DA QUALIDADE	* CRIAR LISTA 09.08 * MAPEAR ADERÊNCIA DE REGISTRO 07/08 * SOLICITAR A DESCIDA DE PARANÁ 08.08 * 01 NF - ERRO NA TU (CHAMADO ABERTO)  * 02 NF - ERRO NF REJEITADA (CHAMADO ABERTO)  * F1 - 03 FILEIRA NO RECEBIMENTO P/ ESTORNAR	Nicolly Araujo
TURNO 1	09/08/2025	479	8	REGISTRO	* AD. SGC 07/08 898876572 - PEND. TM * DEVOLUÇÃO RÓTULO - AG. COLETA *  PLTS DIVERGENTES * DEVOLUÇÃO DE FILME - AG. AJUSTE DE NOTA	VAZIO	* DEDUTÍVEL PAPEL -SEPARADO * FPLOG - PEND FATURAR * DEVOLUÇÃO - PEND. CONFERIR	SJP REMESSA - PEND. SPLIT SJP MP REMESSA 898841384 - PEND. SPLIT REGISTRO - EM DESCIDA	PARANÁ AD. 07/08 898898777 - PEND TM PARANÁ - PEND. CRIAR REMESSA  VARGINHA AD. 07/08 898897075 - PEND. TM VARGINHA 898900733 - PEND TM	F1 - CARGA PRONTA (PEND. TRANSFERIR PARA FIFO) F1 - PEND. ESTORNO		PEND. MAPEAR ADERÊNCIA DIA 08/09 E 09/08 PEND. ATUAR EM ODISSEIA	Sandy Santos
TURNO 2	09/08/2025	756	18	ADE. SGC 09/08	ADE. VARGINHA 08.08 REMESSA( 898908972) SOBRA DE SGC 09.08 REMESSA(898904816) ADE. SGC 07.08 REMESSA (898904879) 1 PLT DEVOLUÇÃO DE MP	ZERADO	DEVOLUÇÃO IVENTARIADO DEDUTIVEL FINALIZADO	SJP ODISSEIA EM CARREGAMENTO REGISTRO EM CARREGAMENTO	ADE. PARANÁ 08.08 PEND. REMESSA ADE. PARANÁ DIA 09.08 PEND SEPARAÇÃO ADE. SGC 08.08 PEND TM ADE. VARGINHA 09.08 EM SEPARAÇÃO	F1 CARGA PEND CARREGAMENTO 2 FILEIRAS F1 PARA ESTORNAR	F1 PEND  ESTORNO	SOLICITAR ADERENCIA REGISTRO 09.08 SOLICITAR DEDUTIVEL PA NÃO INFLAMAVEL 3 NFS COM ERRO, CHAMADO ABERTO	Elane Santos
TURNO 3	10/08/2025	125	12	ZERADO	* ADE. VARGINHA 08.08 (898908972) * SOBRA DE SGC 09.08 (898904816) * ADE. SGC 07.08 (898904879) * 1 PLT DEVOLUÇÃO DE MP	ZERADO	* DEVOLUÇÃO INVENTARIADO * DEDUTIVEL FINALIZADO * FP LOG	* AD. VARGINHA 09.08 - PEND TM (898912401)	* ADE. PARANÁ 08.08 - PEND TM (898912154) * AD. SGC 08.08 - PEND TM (898912177) * AD. VARGINHA 08.08 -  PEND TM (898912086) * AD. REGISTRO 08.08 - PEND TM (898912141) * AD. REGISTRO 09.08 - PEND TM (898911513) * ADE. PARANÁ 08.08 - PEND TM (898910239) * AD. SGC - PEND TM (898912407) * AD. SGC 08.08 - PEND TM (898908911) * AD SGC 09.08 - PEND TM (898911212) * AD. REGISTRO - PEND TM (898912406) * AD. PARANÁ 09.08 - PEND TM (898910947)	* F1 - FATURADO, AGUARDANDO BAÚ (898912129) * F1 - AGUARDANDO DESBLOQUEIO DA QUALIDADE	* F1 - PEND  ESTORNO	* ADERÊNCIA PENDENTE AJUSTE DRP * 3 NFS COM ERRO, CHAMADO ABERTO	Santos Gisele
TURNO 1	10/08/2025	225	2	ZERO DESCIDA	* SOBRA DE SGC 09.08 (898904816) * ADE. SGC 07.08 (898904879) * 1 PLT DEVOLUÇÃO DE MP	VAZIO	*  DEVOLUÇÃO INVENTARIADO  * DEDUTIVEL PAPEL - SEPARADO * FP LOG	* DEDUTIVEL PA NÃO INFLAMÁVEL - SEPARADO  * AD. VARGINHA 09.08 - PEND TM (898912401) *  AD. VARGINHA 09/08 - - PEND TM (898914274) * AD. VARGINHA 08/08 - - PEND TM (898914677)	* * ADE. PARANÁ 08.08 - PEND TM (898912154) * * AD. SGC 08.08 - PEND TM (898912177) * * AD. VARGINHA 08.08 -  PEND TM (898912086) * * AD. REGISTRO 08.08 - PEND TM (898912141) * * AD. REGISTRO 09.08 - PEND TM (898911513) * * ADE. PARANÁ 08.08 - PEND TM (898910239) * * AD. SGC - PEND TM (898912407) * * AD. SGC 08.08 - PEND TM (898908911) * * AD SGC 09.08 - PEND TM (898911212) * * AD. REGISTRO - PEND TM (898912406) * * AD. PARANÁ 09.08 - PEND TM (898910947) * AD. SGC 08.08 - PEND TM - PEND. CRIAR REMESSA (9 UCS) * * AD SGC 09.08 - PEND CRIAR REMESSA (4 UCS)	F1 LOGIC 898913398 - FATURADA AG. BAÚ PLT PEND. ESTORNO	F1 LOGIC 898912129 - FATURADA AG BAÚ F1 LOGIC - PEND. FATURAR (FIFO 4A)	ATUAÇÃO EM DEDUTÍVEL - PA NÃO INFLAMÁVEL (40 PLTS SOLICITADOS) ATUAÇÃO EM TAREFAS PENDENTES/ CAMPO TRANSITÓRIO E ÁREA DE DIVERGÊNCIA	Sandy Santos
TURNO 2	10/08/2025	234	3	ZERO DESCIDA	* AD PARANÁ * AD REGISTRO *1 PLT DEVOLUÇÃO DE MP	VAZIO	* DEVOLUÇÃO INVENTARIADO * DEDUTIVEL PAPEL - SEPARADO * FP LOG	*  DEDUTIVEL PA NÃO INFLAMÁVEL - SEPARADO * AD. VARGINHA 09.08 - PEND TM (898912401) * AD. VARGINHA 09/08 - - PEND TM (898914274) * AD. VARGINHA 08/08 - - PEND TM (898914677)	* ADE. PARANÁ 08.08 - PEND TM (898912154) *  AD. VARGINHA 08.08 -  PEND TM (898912086) * AD. REGISTRO 08.08 - PEND TM (898912141) * AD. REGISTRO 09.08 - PEND TM (898911513) *  ADE. PARANÁ 08.08 - PEND TM (898910239) * AD. REGISTRO - PEND TM (898912406) * AD. PARANÁ 09.08 - PEND TM (898910947)	* F1 LOGIC - FIFO 4A PEND CRIAR REMESSA * F1 LOGIC - FIFO 4 PEND CRIAR REMESSA * F1 LOGIC - FATURADA 898916996 PEND BAU	*F1 LOGIC - PEND ESTORNO	* F1 - REMESSA 898912129 CARREGADA NO BAU DA PIZZATTO: TAV4C49 * F1 - REMESSA: 898913398 CARREGADA NO BAU DA PIZZATTO: RHJ2D35 * ATUAÇÃO EM TAREFAS PENDENTES/ CAMPO TRANSITÓRIO E ÁREA DE DIVERGÊNCIA 04 NFS COM ERRO - CHAMADO ABERTO	Beatriz Suzart
TURNO 3	11/08/2025	0	0	ZERADO	AD PARANÁ AD REGISTRO 1 PLT DEVOLUÇÃO DE MP	VAZIO	DEVOLUÇÃO INVENTARIADO DEDUTIVEL PAPEL - SEPARADO FP LOG	DEDUTIVEL PA NÃO INFLAMÁVEL - SEPARADO AD. VARGINHA 09.08 - PEND TM (898912401) AD. VARGINHA 09/08 - - PEND TM (898914274) AD. VARGINHA 08/08 - - PEND TM (898914677)	ADE. PARANÁ 08.08 - PEND TM (898912154) AD. VARGINHA 08.08 -  PEND TM (898912086) AD. REGISTRO 08.08 - PEND TM (898912141) AD. REGISTRO 09.08 - PEND TM (898911513) ADE. PARANÁ 08.08 - PEND TM (898910239) AD. REGISTRO - PEND TM (898912406) AD. PARANÁ 09.08 - PEND TM (898910947)	F1 LOGIC - FIFO 4A PEND CRIAR REMESSA F1 LOGIC - FIFO 4 PEND CRIAR REMESSA F1 LOGIC - FIFO 3 PEND CRIAR REMESSA F1 LOGIC - FATURADA 898916996 PEND BAU	F1 LOGIC - PEND ESTORNO	F1 - REMESSA 898912129 CARREGADA NO BAU DA PIZZATTO: TAV4C49 F1 - REMESSA: 898913398 CARREGADA NO BAU DA PIZZATTO: RHJ2D35 ATUAÇÃO EM TAREFAS PENDENTES/ CAMPO TRANSITÓRIO 04 NFS COM ERRO - CHAMADO ABERTO	Santos Gisele
TURNO 1	11/08/2025	144	3	ZERO DESCIDA	* * AD PARANÁ * * AD REGISTRO * *1 PLT DEVOLUÇÃO DE MP * *1 PLT DEVOLUÇÃO RÓTULO	VAZIO	* * DEVOLUÇÃO INVENTARIADO - AG. NF  * * DEVOLUÇÃO INVENTARIADO - PEND. SOLICITAR NF * * DEDUTIVEL PAPEL - SEPARADO	* *  DEDUTIVEL PA NÃO INFLAMÁVEL - SEPARADO (AG. CARREGAMENTO) * * AD. VARGINHA 09.08 - PEND TM (898912401) * * AD. VARGINHA 09/08 - - PEND TM (898914274) * * AD. VARGINHA 08/08 - - PEND TM (898914677)	F1 LOGIC - 48 UCS PEND. CRIAR REMESSA (FIFO 4 SISTÊMICO)	F1 LOGIC (898930816) - FATURADA AG. BAÚ	F1 - 02 FILEIRAS ESTORNADAS (PEND. TRANSFERIR PARA FIFO) PLT PEND. ESTORNO	* * F1 - REMESSA 898912129 CARREGADA NO BAÚ DA PIZZATTO: TAV4C49 * * F1 - REMESSA: 898913398 CARREGADA NO BAÚ DA PIZZATTO: RHJ2D35 * * ATUAÇÃO EM TAREFAS PENDENTES/ CAMPO TRANSITÓRIO/ ÁREA DE DIVERGÊNCIA * * ATUAÇÃO EM OPORTUNIDADES DE COMPACTAÇÃO DE PALLETS NO TRANSELEVADOR * * 04 NFS COM ERRO - CHAMADO ABERTO	Sandy Santos
TURNO 2	11/08/2025	404	10	SGC ( ITENS LILY)	ADE. PARANÁ 09/08 ADE. REGISTRO 09/08 DEVOLUÇÃO DE MP PALETE DE ESTOJOS TESTE HEROES PARA REGISTRO	ZERADO	DEVOLUÇÃO  DEDUTIVEL	REGISTRO(COOPECARGA) PEND REMESSA SGC 36 PLTS EM SEPARAÇÃO (LILY) CARREGAR DOUBLO DECK	VAZIO	39 PLTS F1 SEPARADO NO FIFO 4A	DUAS CARGAS LOGIC FINALIZADAS( AGUARDANDO BAÚ)	PENDENTE CRIAR LISTA SGC E PARANÁ ATENÇÃO AOS ITENS DO LILY, CARGAS SEPARADAS E DOUBLO DECK	Elane Santos
TURNO 2	11/08/2025	404	10	SGC ( ITENS DO LILY)	DEVOLUÇÃO DE MP PALETE DO TESTE HEROES ADE. PARANÁ 09.08 ADE REGISTRO 09.08	ZERADO	DEDUTIVEL SEPARADO  DUAS CARGAS DEVOLUÇÃO (AGUARDANDO NF)	SGC (LILY) EM DESCIDA 36 PLTS DOUBLO DECK) REGISTRO (LILY) PEND REMESSA)	VAZIO	LOGIC NO FIFO 4A PEND COMPLETAR CARGA	DUAS CARGAS LOGIC PEND BAÚ	ITENS DO LILY CARGAS SEPARADAS (DOUBLO DECK PEND CRIAR LISTA SGC E PARANÁ	Elane Santos
TURNO 3	12/08/2025	334	10	* SGC- 12/08  * SOBRA DE VARGINHA: 04 PLTS  * ADERÊNCIA DE REGISTRO : 01 PLT	* DEVOLUÇÃO DE MP * PALETE DO TESTE HEROES  * ADE. PARANÁ 09.08 - (898915095)- PEND. TM  * ADE. REGISTRO 12/08 - EM SEPARAÇÃO (Sist FIFO 3)	ZERADO	* DEDUTIVEL SEPARADO * DUAS CARGAS DEVOLUÇÃO (AGUARDANDO NF) * SOBRA REGISTRO 12.08 (898948048) - PEND. TM	* SGC 12/08 - EM DESCIDA  OBS: 01 PLT JÁ SEPARADO  NO EXPEDE	VARGINHA - CRIAR REMESSA	* F1 - AGUARDANDO BAÚ LOGIC (898946980) * F1 - AGUARDANDO DESBLOQUEIO (FIFO4 - Sistêmico) *F1 - 08 PLTS PENDT. ESTORNO	* F1 - AGUARDANDO BAÚ LOGIC (898939444)	* TODA LISTA DO DIA 12/08 - CRIADA  * 03 NFS QUE ESTAVAM COM ERRO DE PALETE - LIBERADA  * ADERÊNCIA DE REGISTRO 12/08  MAPEADA - EM SEPARAÇÃO	Nicolly Araujo
TURNO 1	12/08/2025	470	15	PARANÁ	DEVOLUÇÃO DE MP •  PALETE DO TESTE HEROES •  ADE. PARANÁ 09.08 - (898915095)- PEND. TM * ADE. REGISTRO 12/08 - PEND. TM	ZERADO	DEDUTIVEL SEPARADO • CARGA DEVOLUÇÃO (AGUARDANDO NF) *SOBRA DE REGISTRO SOBRA DE VARGINHA 10PLT- PEND. CRIAR REMESSA (SIST. FIFO2A)	ETIQUETA LARANJA PARANÁ - PEND.CRIAR REMESSA (SIST.FIFO3) ETIQUETA VERMELHA 24PLT-PARANÁ-  EM DESCIDA	SOBRA DE SGC  21PLT- PEND CRIAR REMESSA (SIST. FIFO3A) SGC - EM CARREGAMENTO	PARANÁ- PEND. CRIAR REMESSA(SIST.FIFO5) F1- PEND. CRIAR REMESSA (SIST. FIFO4)	F1- PEND.  BAÚ (REMESSA 898939444) F1- PEND. ESTORNA (SIST.FIFO4A)	MAPEAR ADERENCIA DE VARGINHA E SGC 12/08 1 NF COM ERRO DE NF PALETE.	Islani Marques
TURNO 2	12/08/2025	765	24		DEVOLUÇÃO DE MP 12 PLTS SJP MP (ODISSEIA) 3 PLTS DE SOBRA DE PARANÁ 12.08 10 PLTS DE SOBRA DE VARGINHA 12.08 1 PLT DE ESTOJOS TESTE HEROES ( ERRO DE CADASTRO)	ZERADO	REGISTRO EM SEPARAÇÃO- PEND REMESSA CARGA DE REGISTRO EM CARREGAMENTO DEDUTIVEL SEPARADO DEVOLUÇÃO AGUARDANDO NFS DEVOLUÇÃO PEND DESBLOQUEIO QUALIDADE	CARGA DE LILY PARA REGISTRO- PEND CRIAR REMESSA	CARGA DE REGISTRO- EM CARREGAMENTO- PEND TM	F1 - FINALIZADO	F1- 2 FILAS PARA ESTORNAR	PENDENTE CRIAR LISTA DE SGC, VARGINHA E PARANÁ 13.08 PENDENTE MAPEAR ADERÊNCIA SGC, VARGINHA E PARANÁ 12.08 1 NF COM ERRO NA NOTA DE PALETE	Elane Santos
TURNO 3	13/08/2025	292	13	* ADERÊNCIA REGISTRO 13/08  * VARGINHA 13/08	* DEVOLUÇÃO DE MP * 12 PLTS SJP MP (ODISSEIA) * 10 PLTS DE SOBRA DE VARGINHA 12.08 - 898958253 (PEND MULTI) * 1 PLT DE ESTOJOS TESTE HEROES (ERRO DE CADASTRO, CHAMADO ABERTO) * AD VARGINHA 12.08 - 898969635 (PEND TM)	ZERADO	* AD. SGC 12.08 ((898969661)) -  PENDT. TM + CHECK AUDITOR  * SGC 13/08 (898969722) - PENDT. TM + CHECK AUDITOR (ETIQUETA LARANJA)  * DEVOLUÇÃO AGUARDANDO NFS * DEVOLUÇÃO PEND DESBLOQUEIO QUALIDADE	VAZIO	* SGC - PEND CHECK AUDITOR + TM  (898969649 + 898957896)	* F1- PEND ESTORNO	* F1 - PEND DESBLOQUEIO DA QUALIDADE (FIFO 4 - SISTÊMICO)	* ADERÊNCIA 12/08 - 99%  * LISTA 13/08 - CRIADA  (PENDENTE SOLICITAR PARANÁ E TERMINAR E VARGINHA)  * ADERÊNCIA REGISTRO 13/08 - EM DESCIDA  * MAPEAR ADERÊNCIA SGC 13/08	Nicolly Araujo
TURNO 1	13/08/2025	442	16	ODISSEIA  SJP - 898841372	DEVOLUÇÃO DE MP •  12 PLTS SJP MP (ODISSEIA) * 10 PLTS DE SOBRA DE VARGINHA 12.08 - 898958253 (PEND MULTI) •  1 PLT DE ESTOJOS TESTE HEROES (ERRO DE CADASTRO, CHAMADO ABERTO) * AD VARGINHA 12.08 - 898969635 (PEND TM) *DEVOLUÇÃO MP - PEND. NF	ZERADO	SJP- EM DESCISDA  DEVOLUÇÃO AGUARDANDO NFS DEDUTIVEL DE PAPEL  SOBRA DE PARANA- PEND SEPARAR	AD. REGISTRO- PEND. CRIAR REMESSA (SIST. FIFO2A) PARANÁ (ETIQUETA AMARELA) -PEND SEPARAR	VARGINHA - PEND CRIAR REMESSA(SIST. FIFO3) SOBRA DE VARGINHA (ETIQUETA LARANJA)- PEND. SEPARAR	PARANA- PEND CRIAR REMESSA(SIST. FIFO3A)	F1 - PEND DESBLOQUEIO DA QUALIDADE (FIFO 4 - SISTÊMICO) F1- PEND. ESTORNO	MAPEAR ADERENCIA 13/08 SGC, VARGINHA, PARANÁ	Islani Marques
TURNO 2	13/08/2025	460	14	ADE DE PARANÁ 13.08 SJP ODISSEIA REMESSAS (898939484 , 898939543)	PLTS DE ESTOJOS AGUARDANDO QUALIDADE DEVOLUÇÃO MP	ZERADO	SJP REMESSA (898939484 , 898939543) EM DESCIDA SJP MP REMESSA (898976734) PEND SPLIT	ADE PARANÁ 13.08 EM DESCIDA CARGA DE REGISTRO PEND REMESSA	CARGA DE REGISTRO 14.08 PEND REMESSA ADE. REGISTRO 13.08 PEND TM	CARGA REGISTRO EM CARREGAMENTO F1- LOGIC PARA ESTORNAR	F1- SEPARADA NO FIFO 4A F1- PENDENTE REMESSA	REMESSA DE SJP 898841372 COM ERRO NO PISO NO NOVO ARMAZEM PEND CRIAR LISTA DE SGC E VARGINHA 14.08 PEND FINALIZAR LISTA DE PARANÁ PEND ATUAR EM ADERÊNCIA DE VARGINHA E SGC 13.08	Elane Santos
TURNO 3	14/08/2025	303	11	ADERÊNCIA REGISTRO 14.08 EXPORTAÇÃO 13/08 : 898958882	DEVOLUÇÃO MP - AGUARDANDO DESBLOQUEIO DA QUALIDADE DEVOLUÇÃO MP - AGUARDANDO COLETA  AD. VARGINHA 13/08 - PENDET. CRIAR REMESSA (Sist: Fifo3A)  PALETE TESTE HEROES - VALOR LIQUIDO	35 PALETES P/ ARMAZENAR  Obs: 12 paletes já transferido para o trans (cone verde) apenas inserir.	DEDUTIVEL SEPARADO  DUAS CARGAS DEVOLUÇÃO (AGUARDANDO NF) ADERÊNCIA REGISTRO 14/08 - EM DESCIDA	PALETES P/ARMAZENAR	VAZIO	F1- CARGA AGUARDANDO DESBLOQUEIO DA QUALIDADE	F1 - 05 PALETES EXTORNADO NO EXPEDE  + 08 PALETES PARA ESTORNAR	MATERIAL NO PISO DO NOVO ARMAZEM P/ ARMAZENAR  LISTA DO DIA 14/08 - CRIADA (PENDENTE SOLICITAR APENAS VARGINHA E SGC)  PEND MAPEAR ADERÊNCIA PARANÁ 14/08  LISTA DE 01 CARGA FP LOG 14/08 - CRIADA	Nicolly Araujo
TURNO 1	14/08/2025	565	16	FP LOG - (REMESSA 898979200) DEVOLUÇÃO VARGINHA	DEVOLUÇÃO MP - AGUARDANDO DESBLOQUEIO DA QUALIDADE  DEVOLUÇÃO MP - AGUARDANDO COLETA AD. VARGINHA 13/08 (REMESSA 898990180) - PEND. TM  PALETE TESTE HEROES - VALOR LIQUIDO		ADERENCIA DE REGISTRO 13/08 E 14/08 (898990423/ 898994171)- EM CARREGAMENTO  DEDUTIVEL DE PAPEL DUAS CARGAS DEVOLUÇÃO (AGUARDANDO NF)	SGC - PEND. CRIAR REMESSA (SIST. FIFO2A) VAGINHA (ETIQUETA LARANJA)-  PEND. CRIAR REMESSA (SIST. FIFO1)	VARGINHA- PEND. SEPARAR	F1-  2 FILAS PEND. ESTORNAR  VARGINHA PEND. SEPARAR	F1- SEPARANDO (SIST. FIFO5)	MATERIAL  DE DEVOLUÇÃO QUE ESTA EM DESCIDA  COLOCAR NO PISO DO GALPÃO PROXIMO A EXPEDIÇÃO  PEND. MAPEAR ADERENCIA SGC 14/08	Islani Marques
TURNO 2	14/08/2025	806	24	SGC REGISTRO	ADERÊNCIA DE REGISTRO 14.08 ADERÊNCIA PARANÁ 14.08 REGISTRO MAPA DIA 15.08	DEVOLUÇÃO AGUARDANDO DESBLOQUEIO QUALIDADE	FPLOG SEPARADA SGC EM SEPARAÇÃO DEDUTIVEL SEPARADO	SGC PEND SPLIT - 899005592	BOTICA SP REMESSA PEND SEPARAR VARGINHA 14/08 PEND REMESSA	F1- EM CARREGAMENTO F1- 1 FILEIRA NO EXPEDE E 1 FILEIRA ESTORNADA	F1- PEND ESTORNO	SOLICITAR AD DE SGC 14/08 CRIAR LISTA 15/08 - PARANÁ E VARGINHA MAPEAR AD DE VARGINHA 14/08	Beatriz Suzart
TURNO 3	15/08/2025	274	8	VARGINHA 15/08 AD. SGC 14/08	ADERÊNCIA PARANÁ 14.08 PALETE DO TESTE HEROES (Continua apresentando erro ao criar remessa)  DEVOLUÇÃO MP - AGUARDANDO COLETA	DEVOLUÇÃO - SEPARADA E LIBERADA PELA QUALIDADE	* FPLOG SEPARADA * SGC 15/08 (899008093) - PENDT CARREGAMENTO * DEDUTIVEL SEPARADO	VARGINHA 15/08 - PEND. CRIAR REMESSA	VARGINHA 15/08 - VARGINHA EM SEPARAÇÃO  REGISTRO - PENDT CARREGAMENTO	F1 - PENT REALIZAR ESTORNO	F1 - CARGA PENDT CRIAR REMESSA (Sist: Fifo 05)  F1 - CARGA PENT LIBERAÇÃO QUALIDADE (Sist: Fifo 5A)	MAPEAR AD DE VARGINHA 14/08 MAPEAR AD SGC / REGISTRO 15/08  LISTA DO DIA 15/08 ´- PENDENT SOLICITAR PARANÁ	Nicolly Araujo
TURNO 1	15/08/2025	610	14	* FP LOG (REMESSAS 898979215, 898979231)´ *ADERENCIA SGC 15/08	* ADERÊNCIA PARANÁ 14.08 * ADERENCIA SGC 14.08- PEND SEPARAR * PALETE DO TESTE HEROES (Continua apresentando erro ao criar remessa) * DEVOLUÇÃO MP - AGUARDANDO COLETA		FP LOG AGUARDANDO CRIAR NOVA REMESSA  FP LOG EM DESCIDA (REMESSAS 898979215, 898979231)	VARGINHA EM CARREGAMENTO	AD. VARGINHA 14/08 PEND. SEPARAR	F1- PEND ESTORNO	F1- PEND REMONTAR ( REMESSA 899014974)	MAPEAR ADERENCIA DE REGISTRO  DEVOLUÇÃO NO PISO DO GALPÃO NOVO	Islani Marques
TURNO 2	15/08/2025	596	17	PARANÁ 16/08	AD SGC 14.08 899023938 - PEND SPLIT AD PARANÁ - PEND TM  PLTS COM ERRO - DEVOLUÇÃO  PLTS COM ERRO DE INSEÇÃO	ZERADO	* FP LOG AGUARDANDO CRIAR NOVA REMESSA * FP LOG (REMESSAS 898979215, 898979231) - PEND FATURAR * AD DE PARANÁ 15.08 - PEND SEPARAR * SOBRA DE SGC 16.08 - PEND CRIAR REMESSA	SGC 16.08 - EM CARREGAMENTO	SGC 16.08 E AD - EM CARREGAMENTO  AD VARGINHA 14.08 - EM SEPARAÇÃO	F1 - FIFO4A 36 PALETES	F1 - PEND ESTORNAR	CRIAR LISTA 16/08 PARANÁ E REGISTRO SOLICITAR AD 15/08 VARGINHA E SGC  MAPEAR AD 15/08 REGISTRO	Beatriz Suzart
TURNO 3	16/08/2025	189	6	ADERÊNCIA REGISTRO 15/08 ADERÊNCIA VARGINHA 15/08 ADERÊNCIA SGC 15/08	IPP - DEVOLUÇÃO AD. SGC 14/08 (899026835) - PEND VERIFICAR ERRO  REMESSA SJP (MP) - 899018242  SOBRA PARANÁ 15/08 (899019774) - PENDT  TM  AD. VARGINHA 14/08 (899025538) - PENDT TM  03 PALETES P/ INSERIR	ZERADO	AD. PARANÁ 14/08 - PENDT CRIAR REMESSA (01 PLT COM A ETIQUETA AMARELA)  AD. PARANÁ 15/08 - PENDT CRIAR REMESSA (07 PLTS COM A ETIQUETA VERMELHA) SOBRA SGC 16/08 - (899026801) - PEND VERIFICAR ERRO  FP LOG AGUARDANDO CRIAR NOVA REMESSA FP LOG (REMESSAS 898979215, 898979231) - PEND FATURAR DEDUTIVEL SEPARADO	EXPORTAÇÃO 14/08 (898998496) - PENDT SPLIT  ADERÊNCIA DE REGISTRO 15/08 - EM DESCIDA	VAZIO	F1 - AGUARDANDO LIBERAÇÃO DA QUALIDADE (Sist FIFO 4A) - CONE AMARELO  F1 - F1 - CARGA LIBERADA PARA CRIAÇÃO DA REMESSA (Sist FIFO 5A)	F1 - 12 PLTS PARA ESTORNAR	PENDENTE CRIAÇÃO DA LISTA DE VARGINHA 16/08  PENDENTE SOLICITAR REGISTRO 16/08  PENDENTE MAPEAR ADERÊNCIA DE SGC E PARANÁ DO DIA 16/08 PALETES DE F1 NO PISO DO RECEBIMENTO PENDENTE ESTORNO	Nicolly Araujo
TURNO 1	16/08/2025	429	9	ZERO DESCIDA	IPP - DEVOLUÇÃO SOBRA VARGINHA 16/08 - PEND. CRIAR REMESSA  AD. SGC 14/08 (899026835) - PEND TM AD. SGC 15/08 (899033205) - PEND. TM	VAZIO	* AD. PARANÁ 14/08 899032249  - PEND. TM (01 PLT COM A ETIQUETA AMARELA) * AD. PARANÁ 15/08 899029642 - PEND. TM (07 PLTS COM A ETIQUETA VERMELHA) * SOBRA SGC 16/08 - (899026801) - PEND VERIFICAR ERRO * FP LOG AGUARDANDO CRIAR NOVA REMESSA * FP LOG (REMESSAS 898979215, 898979231) - PEND FATURAR * DEDUTIVEL SEPARADO	EXPORTAÇÃO REMESSA  899018310- PEND. SEPARAR	REGISTRO 899033397 - PEND. TM AD REGISTRO 15/08 899033581 - PEND. TM SOBRA PARANÁ 15/08 899019774 - PEND. TM VARGINHA - PEND. CRIAR REMESSA AD. VARGINHA 15/08 899029542 - PEND.TM  AD. VARGINHA  14/08 899025538 - PEND. TM	F1 - PLTS PEND. ESTORNO	F1 LOGIC - PEND. CRIAR REMESSA	PEND. ATUAR ADERÊNCIA	Sandy Santos
TURNO 2	16/08/2025	449	22	AD VARGINHA 16/08	* IPP - DEVOLUÇÃO * AD VARGINHA 15/08 - PEND TM 899037457 * AD REGISTRO 15/08 - PEND TM 899037750	ZERADO	AD VARGINHA 16/08 - EM DESCIDA SOBRA SGC 16/08 - (899026801) - PEND VERIFICAR ERRO AD. SGC 14/08 (899026835) - PEND TM AD. SGC 15/08 (899033205) - PEND. TM FP LOG AGUARDANDO CRIAR NOVA REMESSA FP LOG (REMESSAS 898979215, 898979231) - PEND FATURAR DEDUTIVEL SEPARADO	EXPORTAÇÃO E PARANÁ - EM CARREGAMENTO 899018310 | 899040032 | 899032249  899029642 F1 - FATURADO PEND BAU - 899040541	SJP - EM SEPARAÇÃO - 899020814	F1 - 3 FILEIRAS PEND ESTORNO	F1 - 2 FILEIRA NO FIFO 4A F1 - 2 FILEIRAS PEND ESTORNO F1 - 3 PLS PEND ESTORNO	PEND SOLICITAR AD SGC 16/08	Beatriz Suzart
TURNO 3	17/08/2025	81	3	ADERÊNCIA SGC 16/08  FP LOG (898979238)	AD REGISTRO 15/08 - PEND TM 899037750 AD. PARANÁ 16/08 - PENDT CRIAR REMESSA  AD VARGINHA 15/08 - PEND TM 899037457 AD. VARGINHA 16/08 - PEND TM (899043489)  IPP - DEVOLUÇÃO PALETE P/ TRATAR	ZERADO	FP LOG AGUARDANDO CRIAR NOVA REMESSA  FP LOG (REMESSAS 898979215, 898979231) - PEND FATURAR  DEDUTIVEL SEPARADO SOBRA SGC 16/08 -  (85988871 / 85988159 ) PEND. MULTI  ADE. SGC 16/08 - EM DESCIDA / SEPARAÇÃO  (17 UCS SEPARADAS NO FIFO 2A) AD. SGC 14/08 (85988165 / 899043172 ) - PEND MULTI AD. SGC 15/08 (899033205) - PEND. TM	SJP (899018747) - PENDT TM	F1 - AGUARDANDO DESBLOQUEIO DA QUALIDADE (Sist: FIFO 3A)  Obs: Carga identificada e com etiqueta na cor branca	F1 - PENDENTE CRIAR REMESSA (Sist: FIFO 4) Obs: Carga identificada e com etiqueta da cor laranja   F1 - PENDENTE CRIAR REMESSA (Sist: FIFO 4A) Obs: Carga identificada e com etiqueta da cor amarela	F1 - PALETES P/ ESTORNAR	PENDT. SOLICITAR PALETES DE FP LOG 19/08 - LISTA CRIADA	Nicolly Araujo
TURNO 2	17/08/2025	166	4	55 PLTS DEDUTIVEL PAPEL	6 PLTS PARA INVENTARIO QUALIDADE * AD REGISTRO 15/08 - PEND TM 899037750 * AD. PARANÁ 16/08 - PEND TM 899045679 * AD VARGINHA 15/08 - PEND TM 899037457 * AD. VARGINHA 16/08 - PEND TM (899043489) * IPP - DEVOLUÇÃO * PALETE P/ TRATAR	ZERADO	* FP LOG AGUARDANDO CRIAR NOVA REMESSA * FP LOG (REMESSAS 898979215, 898979231) - PEND FATURAR * DEDUTIVEL SEPARADO	DEDUTIVEL EM SEPARAÇÃO	SJP (899018747) - PENDT TM F1- AGUARDANDO FATURAMENTO E BAÚ FPLOG SEPARADO EM BUFFER PARA FATURAR	* F1 - PENDENTE CRIAR REMESSA (Sist: FIFO 4) * Obs: Carga identificada e com etiqueta da cor laranja * F1 - PENDENTE CRIAR REMESSA (Sist: FIFO 4A) * Obs: Carga identificada e com etiqueta da cor amarela	F1 - PALETES EM SEPARAÇÃO	103 PALETES DEDUTIVEL SOLICITADOS, EM SEEPARAÇÃO, IDENTIFICAÇÃO FAMILIA PAPEL E ARMAZENADOS EM MP (RUA 8) 35 PALETES COMPACTADOS E ARMAZENADOS 6 PALETES SOLICITADOS PARA INVENTARIO DA QUALIDADE	Elane Santos
TURNO 3	18/08/2025	144	3	ZERADO	6 PLTS PARA INVENTARIO QUALIDADE AD REGISTRO 15/08 - PEND TM (899037750) AD. PARANÁ 16/08 - PEND TM (899045679) AD VARGINHA 15/08 - PEND TM (899037457) AD. VARGINHA 16/08 - PEND TM (899043489) IPP - DEVOLUÇÃO PALETE P/ TRATAR	ZERADO	FP LOG AGUARDANDO CRIAR NOVA REMESSA FP LOG (REMESSAS 898979215, 898979231) - PEND FATURAR CPACK	F1 - PEND CRIAR REMESSA (SISTÊMICO 1)	SJP (899018747) - PEND. TM F1 - PEND CRIAR REMESSA (SISTÊMICO 3A) FPLOG SEPARADO EM BUFFER PARA FATURAR	F1 - PEND CRIAR REMESSA (SISTÊMICO 4) F1 - PEND CRIAR REMESSA (SISTÊMICO 2A)	F1 - PEND CRIAR REMESSA (SISTÊMICO 3)	DEDUTÍVEL ARMAZENADO NA RUA 8 ADERÊNCIA DIA 16 AGUARDANDO AJUSTE DRP	Santos Gisele
TURNO 1	18/08/2025	192	2	ZERADO	6  PLTS PARA INVENTARIO QUALIDADE  AD REGISTRO 15/08 - PEND TM (899037750) AD. PARANÁ 16/08 - PEND TM (899045679) AD VARGINHA 15/08 - PEND TM (899037457)  AD. VARGINHA 16/08 - PEND TM (899043489)	ZERADO	FP LOG -AGUARDANDO CRIAR NOVA REMESSA CPACK DEVOLUÇÃO- PEND. NF	F1 - PEND CRIAR REMESSA (SISTÊMICO 5) F1 - PEND. ESTORNO	F1 - PEND CRIAR REMESSA (SISTÊMICO 3A) SJP (899018747) - PEND. TM	F1( REMESSA 899061169)- PEND. BAU   F1( REMESSA 899060109)- PEND. BAU	F1 - PEND CRIAR REMESSA (SISTÊMICO 3) F1 - PEND. ESTORNO	F1- FATURADA REMESSA 899048354 BAU PIZZATTO PLACA SEG9H52	Islani Marques
TURNO 2	18/08/2025	669	17	SGC 19/08	6  PLTS PARA INVENTARIO QUALIDADE AD REGISTRO 15/08 - PEND TM (899037750) AD. PARANÁ 16/08 - PEND TM (899045679) F1 - PEND ESTORNO	48 PALETES DE DEDUTIVEL PAPEL SEPARADO - PEND LEVAR PRA MP PEND SOLICITAR 12 PALETES FECHADOS DE DEDUTIVEL (PAPEL) E LEVAR PARA MP	FP LOG -AGUARDANDO CRIAR NOVA REMESSA CPACK DEVOLUÇÃO- PEND. NF SJP (899018747) - PEND. TM	SGC 19/08 - PEND SPLIT E DUPLO CHECK - 899073476	SGC - PEND SEPARAÇÃO	F1 - 41 UC MP FIFO4  2 PALETES PEND ESTORNO F1 - 2 CARGA FATURADO PEND BAU	PEND ESTORNO  F1 - 1 CARGA FATURADO PEND BAU	PEND CONTINUAR A CRIAÇÃO DA LISTA DE SGC 19/08 CRIAR LISTA DE REGISTRO, PARANÁ E VARGINHA 19/08 PEND SOLICITAR 12 PALETES FECHADOS DE DEDUTIVEL (PAPEL) E LEVAR PARA MP	Beatriz Suzart
TURNO 3	19/08/2025	355	9	SGC - 19/08 EXPORTAÇÃO - 18/08 (899066618)	6 PLTS PARA INVENTARIO QUALIDADE AD REGISTRO 15/08 - PEND TM (899037750) AD. PARANÁ 16/08 - PEND TM (899045679)	EM DESCIDA 12 PALETES FECHADOS DE DEDUTIVEL (PAPEL)	FP LOG - AGUARDANDO CRIAR NOVA REMESSA DEDUTÍVEL (PAPEL) CPACK DEVOLUÇÃO - PEND. NF SJP (899018747) - PEND. TM SGC - EM DESCIDA	SGC - PEND CRIAR REMESSA (ITEM 87896 VALOR LÍQUIDO)	SGC - PEND CARREGAMENTO E CONFERÊNCIA DA AUDITORIA	F1 - AGUARDANDO BAÚ (899077234) F1 - AGUARDANDO BAÚ (899077198) F1 - PEND ESTORNO	F1 - AGUARDANDO BAÚ (899067218)	TODAS AS LISTAS DO MAPA - 19.08 CRIADAS PEND SOLICITAR PARANÁ, VARGINHA, REGISTRO	Santos Gisele
TURNO 1	19/08/2025	482	13	REGISTRO  PARANÁ ADERENCIA SGC 19/08	6 PLTS QUALIDADE INVENTARIADO, ESTA  DIVERGENCIA DE QUANTIDADE. F1- PEND. ESTORNO	DEVOLUÇÃO- PEND NF  F1- PEND ESTORNO	DEDUTIVEL DE PAPEL  FP LOG - AGUARDANDO CRIAR NOVA REMESSA CPK  REGISTRO( 899084102)- PEND  TM	EXPORTAÇÃO- SPLIT	REGISTRO- PEND SEPARAR AD REGISTRO 15/08 - PEND TM (899037750) SGC - EM CARREGAMENTO  AD. PARANÁ 16/08 - PEND TM (899045679) PARANÁ -EM DESCIDA	F1- PEND. ESTORNO  F1 - PEND. CRIAR REMESSA.	F1-FATURADA REMESSA 899067218	DISPONIBILIZAE DOCA SEM VEICULO, PARA LAVAGEM  SOLICITAR 21 PALETES DEDUTIVEL DE PAPEL PARA COMPLETAR CARGA, TEMOS 7 PISO( SOLICITAR OS PALETES MAIS ANTIGOS) TEM PALETE DE F1 NA AREA DO RECEBIMENTO. CARGA DE ESTOJO LOGIC EM BAÚ DA PIZZATTO PLACA SEG9H52 REMESSA 899078875 PEND.MULTI POIS PLACA SFG2C02 NÃO ESTA CADASTRADA, LIDER PIZZATTO ESTA CIENTE.	Islani Marques
TURNO 2	19/08/2025	730	22	SGC 20/08 DEDUTIVEL PAPEL - 30 PALETES	F1 - PEND ESTORNO	DEVOLUÇÃO- PEND NF F1- PEND ESTORNO	DEDUTIVEL DE PAPEL FP LOG - AGUARDANDO CRIAR NOVA REMESSA CPK AD SGC 19/08 - 899093970 PEND TM	SOBRA DE VARGINHA 19.08 - PEND TM 899093835 SGC 20.08 - PEND CRIAR REMESSA	SGC EM CARREGAMENTO  SOBRA DE PARANÁ 19.08 - PEND TM 899089332 AD DE PARANÁ 19.08 - PEND TM 899094533	F1 - CARGA PRONTA - PEND BAU PRA CARREGAR F1 - FIFO 4A PEND CRIAR REMESSA E DUPLO CHECK	F1 - PEND ESTORNAR	PEND MAPEAR AD DE VARGINHA 19.08 PEND CRIAR LISTA DE REGISTRO E VARGINHA 20.08	Beatriz Suzart